Protein_A,Protein_B
carB,carA
PRNP,groEL
malE,malG
xerC,xerD
pntA,pntB
gam,sbcC
recB,gam
recB,abc2
recR,recO
ssb,recO
fliG,fliF
hns,fliG
fliM,fliN
atpA,atpD
atpC,atpG
atpH,atpA
atpD,atpH
atpH,atpG
atpC,atpH
fliM,fliG
rpsT,speF
rpmH,speF
recF,recO
cysN,cysD
nadB,nadA
sucC,sucD
ftsZ,zipA
trpA,trpB
atpG,atpA
atpG,atpE
atpD,atpG
atpE,atpH
ebgC,ebgA
cheA,cheY
pyrI,pyrB
atpB,atpE
ptsH,crr
tufA,tsf
trxB,trxA
papK,papD
dnaK,grpE
lipA,groEL
rpoA,rpoB
groEL,aroH
groEL,metE
metF,groEL
groEL,metK
leuA,groEL
groEL,dadA
groEL,gadA
lpdA,groEL
groEL,gatD
groEL,gatZ
groEL,gatY
groEL,eno
gapA,groEL
nagD,groEL
pta,groEL
glf,groEL
groEL,rcsB
purC,groEL
pyrB,groEL
groEL,upp
thiD,groEL
thiG,groEL
thiH,groEL
bioF,groEL
rpoB,groEL
rpoZ,groEL
rplL,groEL
rplI,groEL
groEL,rpsB
pheS,groEL
pheT,groEL
glyS,groEL
groEL,thrS
groEL,nusA
nusG,groEL
groEL,sspB
groEL,gyrA
yjjU,groEL
rpoA,fis
crp,cytR
tufA,groEL
groEL,ilvI
groEL,rpoA
tdh,groEL
clpX,groEL
grpE,groEL
minD,groEL
pstB,groEL
ftnA,groEL
yigB,groEL
tus,dnaB
groEL,recA
sulA,ftsZ
minD,minC
evgA,evgS
gcvA,gcvR
rpoC,rpoB
ihfA,ihfB
iscA,fdx
iscU,iscS
aes,malT
secA,secY
cheY,arcB
hisJ,hisQ
cpoB,tolA
traK,traV
traB,traK
mutL,vsr
malG,malK
malK,malF
sbmC,gyrA
sbmC,gyrB
relB,relE
pabB,pabA
secA,secB
rpsJ,nusB
ccmE,ccmF
ccmH,ccmF
tatB,tatA
rseA,rseB
rseA,rpoE
rpoE,rseB
secY,secE
secG,secY
hlyB,hlyD
hlyD,hlyA
hlyA,hlyB
tolC,hlyD
dnaB,dnaC
hscB,iscU
hscA,iscU
fdx,iscS
CD44,iscS
iscA,hscA
fdx,hscA
tolA,ompF
tolR,tolQ
dnaB,dnaA
ssb,sbcB
exbD,exbB
dnaA,repA
dnaA,pir
B,dnaB
dnaB,dnaG
rhlB,rne
eno,rne
rne,dnaK
rhlB,pnp
dnaK,pnp
fecA,fecR
fecI,fecR
rpoA,crp
groEL,groES
hsdM,hsdS
galF,galU
rpoC,bglG
recA,umuD
cI,recA
recA,lexA
umuD,umuC
aes,melA
cheY,fliM
secA,secG
secA,ftsQ
ftsQ,secY
yidC,ftsQ
VIII,yidC
ffh,VIII
cheZ,cheY
ftsZ,ftsA
mutL,uvrD
hscB,hscA
eno,pnp
bglF,bglG
sopB,sopA
rne,pnp
mutS,mutL
mutH,mutS
uvrD,mutS
acrA,acrB
tolR,tolA
tolA,tolQ
moaD,moeB
moaE,moaD
dinI,recA
btuD,btuC
atpH,atpF
rpoC,rpoD
rpoC,rpoA
tar,cheR
rpoZ,rpoC
rpoA,rpoZ
cheA,cheZ
recX,recA
hupB,hupA
glnB,glnK
glnL,glnB
clpA,clpS
clpA,clpP
clpX,clpP
pal,ompA
malY,malT
imm,colE7
imm,col
imm,ceaC
mazG,era
rho,nusG
rpoA,nusA
nusA,rpoB
rpoC,nusA
sbcD,sbcC
frdB,frdA
frdC,frdB
frdC,frdD
frdD,frdB
frdC,frdA
moeA,mog
moeA,mobA
moeA,mobB
mutH,mutL
sdhC,sdhB
sdhD,sdhB
hsdM,hsdR
hsdR,hsdS
uvrY,barA
sdhC,sdhD
tatB,tatC
arsB,arsA
rpoC,fecI
pspF,pspA
mog,mobB
mobB,mobA
narG,narJ
crr,lacY
ptsI,ackA
mucA,mucB
mucA,recA
ssb,mucA
ssb,mucB
atpE,atpC
atpE,atpF
atpF,atpB
atpB,atpD
atpD,atpF
atpF,atpA
rpoH,dnaJ
dnaK,rpoH
dnaK,dnaJ
ftsI,ftsA
secE,secA
dnaN,dnaX
parC,parE
traQ,traA
prfB,rpsR
rpsR,rplL
minC,ftsZ
minD,minE
dnaJ,grpE
rpoH,grpE
malG,malF
glnL,glnK
glnG,glnL
aspA,glnL
cusB,cusF
cusC,cusF
rpoD,rsd
rpoD,melR
rpoA,melR
rpoD,rpoA
napH,napC
ftsK,ftsZ
ftsQ,ftsL
ftsQ,ftsN
ftsQ,ftsI
ftsQ,ftsW
ftsQ,ftsK
ftsL,ftsW
ftsK,ftsL
ftsI,ftsN
ftsN,ftsW
ftsI,ftsW
ftsI,ftsK
zipA,ftsA
seqA,parC
rpoB,rpoN
rpoB,fliA
rpoC,rpoN
rpoA,rpoN
rpoA,fliA
rsd,rpoN
rsd,rpoS
rsd,rpoH
rsd,fliA
dnaE,dnaQ
holE,dnaQ
mlc,ptsG
ptsG,crr
holB,holA
dnaX,holA
holC,holD
dnaX,holD
dnaX,holC
holC,holA
holC,holB
holD,holB
dnaX,dnaE
dnaN,dnaE
holA,dnaE
dnaN,holA
rpoB,rsd
rpoA,merR
rpoB,merR
merR,rpoD
hfq,pcnB
pcnB,pnp
pnp,hfq
rpoA,soxS
ftsK,parC
parE,ftsK
cesT,escN
tir,cesT
tir,escN
holE,dnaE
skp,phoE
dnaN,hda
holC,dnaN
malK,malT
rplL,rplJ
rplK,rplL
rplB,rplL
rplL,rpsB
rpsE,rplL
rpsG,rplL
rpsN,rplL
rplL,rplF
rplI,rplL
rplN,rplL
rplQ,rplL
rplK,rplJ
rplF,rplE
rplQ,rpmF
rplL,infB
rplC,rplS
rplU,rplM
rplS,rplN
rplI,rplB
rplC,rplM
rplI,rpmB
rplT,rplM
rplP,rpmA
rplU,rplT
rpmB,rplB
rplS,rplY
rpmH,rplW
rpsM,rpsC
rpsM,rpsU
rpsS,rpsN
rpsL,rpsG
rpsI,rpsM
rpsU,rpsK
rpsF,rpsU
rpsR,rpsU
rpsF,rpsR
rplF,rplS
rplV,rplR
rpmA,rpmG
rpsR,rpsA
rpsA,rpsB
rpsA,rpsJ
prfB,rplB
rplK,prfB
rpmF,rplV
rpsD,rpsC
rpsE,rpsC
rpsD,rpsE
rplA,rpsD
rpsE,rplA
rplS,rpsI
rpsH,rpsE
rpsB,rpsC
infC,rpsK
infC,rpsM
infC,rpsS
infB,infA
hns,hha
stpA,hha
hns,stpA
rplA,rpsB
rplS,rpsD
rplA,rpsH
rpmB,rpsH
rpmF,rpsI
rpsL,rplM
rplP,rpsL
rpsL,rpmF
rplR,rpsM
rplU,rpmG
dcuS,dcuR
flhD,flhC
rplS,rplR
dicB,minC
fliA,rpoC
rsd,rpoE
holA,holD
rplE,rplL
rpmC,rplW
rpsF,prfB
rpsG,infC
traD,traM
cysB,rpoA
rpsQ,prfB
dnaB,dnaX
rpoD,hscC
rpoB,rpoD
rsd,rpoC
rsd,rpoA
rpoZ,rsd
rpoZ,rpoB
rpoD,rpoZ
parD,parE
rhaS,rpoD
ompA,skp
secA,ompA
rpsS,rpsM
infA,rpsL
infA,rpsR
rpsM,infB
cnu,hns
stpA,cnu
glgP,ptsH
holB,dnaX
dnaQ,dnaN
rplA,rpmG
rpmD,rplQ
infC,infB
rpsL,rplU
ada,rpoD
prfB,rplL
rpsH,rpsD
dnaN,accC
bluF,groEL
lpdA,paaX
rplV,paaX
fadJ,fadI
perR,metN
wcaC,metN
pdeA,metN
yhjB,metN
accA,accD
dnaK,accA
metN,mntR
gyrB,metN
metN,hycG
nanY,metN
infB,accA
accA,lysU
accA,rplC
rplR,accA
accA,rplW
accA,accC
accC,accD
accC,cysM
accD,dnaK
accD,pepD
accD,rplU
rplV,accD
acpP,aas
accA,acpP
aceE,acpP
aidB,acpP
acpP,fabB
hupB,acpP
acpP,lpdA
acpP,lpxD
acpP,malT
acpP,mukB
rplO,acpP
acpP,rpmB
acpP,rpsF
rpsG,acpP
rpsH,acpP
rpsM,acpP
rpsB,adhE
aidB,hldD
rplM,aidB
aidB,rpsS
yahF,adiA
dnaK,aidB
aidB,groEL
rplA,aidB
rplC,aidB
aidB,rplS
aidB,rplU
aidB,rplV
aidB,rpmB
rpsB,aidB
aidB,rpsD
aidB,rpsG
rpsL,aidB
aidB,rpsN
aidB,rpsT
yhbY,aidB
alaS,dnaK
alaS,rpsB
alaS,tufA
aroE,yedE
dnaK,aspA
secA,aspA
rplW,atpG
ycbX,cysJ
bluF,aceE
lpdA,bluF
bluF,rplL
grcA,bluF
rbbA,dhaK
aceE,ycjY
paaX,rplC
paaX,rplM
paaX,rplO
paaX,rpsG
rpsL,paaX
dsbG,ydjI
ydjI,cbrA
cedA,aceE
hns,cedA
cedA,rplC
cedA,rpoB
cedA,rpoC
rpoD,cedA
rpoZ,cedA
astD,mutH
ydeP,ydjI
rplL,ydjI
fbaB,dnaJ
dnaK,fbaB
groEL,fbaB
cnoX,fbaB
arnA,ynbC
fadI,lpdA
hldD,fadI
maeB,nrdA
pepN,fadJ
rplS,fadI
rplU,fadI
maeB,ynbB
maeB,hrpA
secA,acpP
yhdY,accC
ydgJ,cobB
panC,yfcD
dnaK,accC
accD,rpmG
acpP,rplV
aidB,rpsF
cysI,ycbX
paaX,rplT
yfdH,fadJ
rplU,paaX
fabF,acpP
yhbY,acpP
acpP,fabY
rplB,adiA
adiA,rplO
rplL,kbaY
rpsE,aidB
sxy,cobB
cedA,rpoA
fadI,rpsE
metN,ilvD
accA,rplV
accC,rplC
sucA,adiA
rpmB,paaX
maeB,cca
spoT,acpP
lpdA,fadJ
csdA,gcd
clpA,cbpA
rpsE,cbpA
rplM,clpA
rpmC,clpA
clpB,rplU
rplJ,clpP
tufA,clpP
clpX,rpmG
rpsN,cspA
cspD,cspC
dnaJ,cspC
rplC,cspD
rpsU,cspD
rng,dnaK
mukB,clpA
clpP,groEL
cspA,rplC
rpsA,cspC
maeB,pgrR
bglG,ydiM
birA,rplU
birA,rplV
rpsN,birA
grxD,bolA
miaB,bolA
aceE,cadA
cadA,cobB
dnaN,cadA
ldcC,cadA
cadA,lpdA
rplC,cadA
cadA,rplE
cadA,rpsB
rpsJ,cadA
secA,cadA
rng,rpsD
rng,rpsE
aidB,cbpA
clpB,cbpA
deaD,cbpA
infC,cbpA
cbpA,metK
mukB,cbpA
cbpA,rbsK
cbpA,rho
rplB,cbpA
cbpA,rplC
rplD,cbpA
rplE,cbpA
cbpA,rplF
rplI,cbpA
rplL,cbpA
cbpA,rplX
rpmC,cbpA
cbpA,rpmG
rpoC,cbpA
rpsA,cbpA
cbpA,rpsB
rpsC,cbpA
cbpA,rpsD
rpsG,cbpA
cbpA,rpsM
srmB,cbpA
cbpA,hxpA
ygiF,cbpA
tusC,cbpA
cbpA,yjfK
pflB,cca
rplC,cca
rpsB,cca
aceE,cheY
lpdA,cheY
cheZ,gapA
barA,clpA
clpA,dnaK
rho,clpA
rhsC,clpA
rplC,clpA
clpA,rplD
clpA,rplJ
rpoB,clpA
rpoC,clpA
clpA,rpsA
rpsF,clpA
clpA,rpsG
rpsN,clpA
clpA,rpsU
ygiF,clpA
clpA,yhbY
ydeP,clpB
clpB,evgS
clpB,ptsN
rplC,clpB
rplM,clpB
rplV,clpB
clpB,rpmC
clpB,rpsB
rpsG,clpB
clpB,rpsH
rpsJ,clpB
rpsN,clpB
thiG,clpB
aceE,clpP
dnaK,clpP
dsbG,clpP
gyrA,clpP
kefC,clpP
clpP,lon
metK,clpP
mtlA,clpP
narG,clpP
narZ,clpP
recA,clpP
clpP,hldD
rho,clpP
clpP,rplA
rplC,clpP
rplD,clpP
rplE,clpP
rplM,clpP
rpmG,clpP
clpP,rpoC
clpP,rpsB
rpsF,clpP
rpsG,clpP
yfiF,clpP
clpX,clpA
clpX,clpB
dnaK,clpX
grpE,clpX
metK,clpX
mreB,clpX
pstB,clpX
hscB,clpX
cobB,rpsN
rpsT,cobB
crp,rplC
crp,rplL
crp,rpsE
accA,cspA
cspA,atpG
cspA,cca
cspB,cspA
deaD,cspA
dsbG,cspA
hfq,cspA
hupA,cspA
cspA,hupB
rplA,cspA
cspA,rplD
cspA,rplL
rplR,cspA
rplS,cspA
cspA,rpoA
rpsC,cspA
cspA,rpsD
rpsE,cspA
rpsG,cspA
cspA,rpsJ
cspA,rlmL
cspA,rluB
hfq,cspB
cspB,rplC
rplL,cspB
rplV,cspB
cspB,rpsB
rpsJ,cspB
cspC,accA
cspC,accD
aidB,cspC
deaD,cspC
cspC,hfq
cspC,hrpA
hupA,cspC
cspC,hupB
cspC,pnp
putA,cspC
rcsB,cspC
cspC,rho
cspC,rplA
cspC,rplB
rplC,cspC
rplE,cspC
cspC,rplI
rplM,cspC
cspC,rplR
rplS,cspC
cspC,rplU
cspC,rplV
cspC,rplW
rplX,cspC
rpsB,cspC
cspC,rpsC
rpsD,cspC
cspC,rpsE
cspC,rpsF
cspC,rpsG
cspC,rpsI
rpsM,cspC
cspC,rpsN
cspC,rpsT
cspC,rnr
rlmL,cspC
rluB,cspC
cspC,ydaY
cspC,yfiF
cspC,yhbY
accA,cspD
cspD,aceE
skp,cspD
cspD,hupA
pnp,cspD
rho,cspD
cspD,rplA
cspD,rplS
cspD,rplX
cspD,rpsA
rpsB,cspD
cspD,rpsC
rpsD,cspD
rpsE,cspD
rpsG,cspD
cspD,rpsJ
rpsM,cspD
cspD,rnr
cspD,rlmL
rluB,cspD
cspD,yfiF
rng,rpsI
rplE,clpA
clpP,rplK
ydaY,cspA
rpsC,birA
rplV,cbpA
clpA,rplU
clpP,parE
dnaN,cspA
cspC,rpsJ
rpsN,cspD
rpmA,clpA
cspC,creC
cspD,rpsT
rng,rpsS
rng,rpsT
rng,rpsU
dnaK,cbpA
rplA,cbpA
rplS,cbpA
clpA,rplL
rplR,clpA
clpA,rpsB
clpA,rpsD
clpA,sbcC
secA,clpA
spoT,clpA
rplS,clpP
rplU,clpP
rpmB,clpP
rpmC,clpP
clpX,rplL
rpmC,clpX
aceE,cspB
dnaN,cspB
eno,cspB
gltA,cspB
rluE,cspC
acrD,cspD
cspD,aspA
cspD,rplB
rplM,cspD
glpB,birA
rng,eno
hscA,cbpA
clpA,rpmG
rpsJ,clpA
rpsJ,clpP
clpP,secA
rpsJ,crp
cspB,lpdA
rplD,cspC
deaD,cspD
clpA,rplI
rplL,clpP
rlmJ,cspC
rpsM,rng
rpsC,cobB
cobB,rpsD
infB,dnaJ
rplV,dnaJ
dnaQ,rpmC
rpsE,era
rplC,fis
rplW,fis
deaD,acpP
dnaG,rplL
dxs,yjgL
fis,rpoC
deaD,rplI
deaD,rpsS
dnaA,rpsC
dnaE,rplD
rpsU,deaD
rpsA,deaD
dnaB,rpsE
rplM,dnaE
dnaE,rplU
dnaE,rpsA
rpsB,dnaE
rplA,dnaG
dnaJ,clpA
narG,dnaJ
dnaJ,rho
dnaG,rpsG
yfiF,dnaG
aceE,dnaJ
atpD,dnaJ
dnaJ,lptD
malT,dnaJ
dnaJ,metK
mreB,dnaJ
dnaJ,mukB
dnaJ,pstB
recA,dnaJ
relE,dnaJ
rplA,dnaJ
dnaJ,rplJ
dnaJ,rplX
rpoC,dnaJ
rpsB,dnaJ
rpsE,dnaJ
dnaJ,rpsM
dnaJ,rpsN
dnaJ,srmB
tufA,dnaJ
gadA,dnaK
hscA,dnaK
dnaK,lon
rplI,dnaK
rpmG,dnaK
dnaK,rpsB
dnaK,tufA
dnaQ,holC
holD,dnaQ
lon,dnaQ
dnaQ,nusG
rplA,dnaQ
nusG,dnaX
rplL,dnaX
atpB,dnaQ
dnaQ,cspC
dnaQ,dnaX
fecB,dnaQ
dnaQ,holA
holB,dnaQ
dnaQ,rplM
rplS,dnaQ
dnaQ,ssb
dnaQ,yfiF
fecB,dnaX
holE,dnaX
rplA,dnaX
rpmC,dnaX
dnaX,rpsF
dnaX,yfiF
aceE,dxs
dxs,adhE
clpA,dxs
dxs,lon
dxs,pstB
dxs,recA
dxs,rho
dxs,yqeI
eno,rpsE
lon,era
era,rpsB
era,tufA
fabF,dnaK
ffh,clpA
fbaA,dnaK
rpsB,fbaA
fdhD,aceE
fdhD,lpdA
fdhD,lysU
rpsB,fdhD
fdnG,aceE
fdnG,fdhE
tufA,fdnG
adhE,ffh
lon,ffh
metK,ffh
rplA,ffh
rplD,ffh
rplJ,ffh
rpsD,ffh
ffh,rpsE
ffh,rpsK
ffh,tufA
rplM,fis
fis,rplS
rplV,fis
fis,rpsB
fis,rpsE
rpsJ,fis
thiG,fis
preT,fkpA
carA,fkpA
lsrK,fkpA
ynfF,folC
rpsF,dnaJ
tufA,dxs
entE,fkpA
nusG,dnaG
rpsJ,dnaJ
dnaK,rplJ
dnaK,eno
iscS,fdhD
fis,rpsM
dnaA,rplV
dnaJ,rplS
hupA,fis
deaD,rplD
rplF,deaD
deaD,srmB
sucD,deaD
rlmL,deaD
deaD,rluB
yfiF,deaD
deaD,ygiF
rlmJ,deaD
dnaE,ssb
dnaE,tpiA
tufA,dnaE
dnaK,gadB
dnaK,narQ
dnaK,pepB
dnaK,proS
rplD,dnaK
rplF,dnaK
dnaQ,rplL
dxs,mreB
rpsB,ffh
fis,dnaK
deaD,aceE
dnaJ,gatY
rplW,dnaJ
rplS,dnaK
dnaQ,rpmG
tufA,dnaQ
rplD,fis
rplT,fis
fis,rpmG
fabB,dnaK
deaD,accA
deaD,dnaJ
evgA,deaD
hrpA,deaD
hupA,deaD
deaD,hupB
deaD,rplA
rplB,deaD
rplC,deaD
rplK,deaD
rplM,deaD
deaD,rplP
deaD,rplQ
deaD,rplR
deaD,rplS
rplU,deaD
deaD,rplV
rplW,deaD
rplX,deaD
rpmA,deaD
rpmB,deaD
rpsB,deaD
rpsC,deaD
rpsD,deaD
deaD,rpsE
deaD,rpsF
deaD,rpsG
deaD,rpsH
rpsI,deaD
rpsJ,deaD
deaD,rpsK
rpsM,deaD
rpsN,deaD
rpsR,deaD
deaD,rpsT
deaD,rnr
sufC,deaD
dnaA,cca
creC,dnaA
dnaJ,dnaA
dnaA,lpdA
dnaA,rplB
dnaA,rplC
rplD,dnaA
rplL,dnaA
rplN,dnaA
rplO,dnaA
rplP,dnaA
dnaA,rplW
rplX,dnaA
dnaA,rpmB
rpsB,dnaA
dnaA,rpsE
rpsG,dnaA
rpsI,dnaA
dnaA,rpsJ
rpsM,dnaA
dnaA,rpsN
dnaA,rpsT
dnaA,tufA
dnaB,aceE
rhmR,dnaB
dnaB,fimI
ftsY,dnaB
dnaB,rplA
rplD,dnaB
dnaB,rplL
rplO,dnaB
rplW,dnaB
dnaB,rpmC
dnaB,rpsB
dnaB,thrA
tufA,dnaB
aceE,dnaE
dnaE,asnB
dnaK,dnaE
dnaE,holB
holC,dnaE
dnaE,holD
lpdA,dnaE
rplA,dnaE
dnaE,rplC
rplL,dnaE
ftsZ,gatY
dnaK,gapA
rpoD,gapA
grpE,ydbA
deaD,gyrB
rapA,rpoB
hfq,rplI
rplX,hfq
secA,hfq
rplE,ihfA
gcvP,holA
pstB,gyrA
hfq,rplA
rpsH,ihfB
skp,rplI
rpsC,glyQ
holA,rplL
rplP,holA
rpmG,holA
rpsC,holA
cysJ,holB
holB,rplA
holB,rpsJ
secA,holB
holC,clpA
accD,ftsA
dnaJ,ftsA
dnaK,ftsA
ftsA,mreB
nusG,ftsA
ftsA,rplL
ftsA,tufA
ftsK,aceE
ftsZ,dnaK
ftsZ,malK
mreB,ftsZ
pstB,ftsZ
recA,ftsZ
rplE,ftsZ
rpsB,ftsZ
ftsZ,rpsE
rpsJ,ftsZ
secA,ftsZ
tufA,ftsZ
cpxR,gapA
gadA,gadB
gadA,ssb
gatZ,gapA
rpoA,gapA
gapA,rpoB
dnaK,gatY
tufA,gatY
dnaJ,glmS
rplV,glmS
glmS,yohD
glnB,rpoB
tig,glnB
gltB,gltD
glyQ,rplM
glyQ,rplD
glyQ,rplF
rplV,glyQ
glyQ,rpmB
glyQ,rpsB
glyQ,rpsE
rpsM,glyQ
tufA,glyQ
rplC,greB
greB,rpoA
rpoB,greB
greB,rpoC
rpsB,greB
greB,rpsE
emrY,grpE
grpE,evgA
grpE,gadA
gadB,grpE
metK,grpE
rplL,grpE
rplS,grpE
gyrA,mreB
glyS,gyrB
metK,gyrB
parE,gyrB
gyrB,rplJ
rplW,gyrB
rpsB,gyrB
gyrB,tufA
atpD,helD
helD,dnaK
helD,gadB
gapA,helD
infB,helD
rplU,helD
rpsA,helD
rpsG,helD
helD,tpiA
helD,tufA
rapA,nusA
rplC,rapA
rpoC,rapA
rpsE,rapA
hfq,aidB
hfq,rng
deaD,hfq
dnaJ,hfq
dnaK,hfq
hfq,eno
hfq,hrpA
hupA,hfq
hupB,hfq
hfq,lon
lpxD,hfq
hfq,nfi
rho,hfq
hfq,rne
hfq,rplD
hfq,rplT
hfq,rplU
rplV,hfq
hfq,rpmB
rpoA,hfq
rpsA,hfq
rpsB,hfq
hfq,rpsC
rpsD,hfq
rpsE,hfq
hfq,rpsF
rpsR,hfq
spoT,hfq
tig,hfq
hfq,tufA
hfq,rnr
rlmL,hfq
rluB,hfq
yfiF,hfq
ygiF,hfq
ihfA,rplA
rplC,ihfA
rpsD,ihfA
ihfB,hupA
hupB,ihfB
nusA,ihfB
rplA,ihfB
rplB,ihfB
rplC,ihfB
ihfB,rplD
rplE,ihfB
ihfB,rplM
ihfB,rplO
ihfB,rplP
rplS,ihfB
rplU,ihfB
ihfB,rplV
ihfB,rplW
rpmC,ihfB
rpmG,ihfB
ihfB,rpsC
ihfB,rpsD
ihfB,rpsE
ihfB,rpsF
ihfB,rpsG
rpsM,ihfB
rpsS,ihfB
yhbY,ihfB
skp,rplO
rplS,skp
rplU,skp
rplV,skp
skp,rpsM
hns,aceE
ynbC,hns
hupA,hns
malP,hns
malQ,hns
hns,rplV
hns,rplX
hns,rpoB
hns,rpoC
hns,rpsB
hns,secA
holA,accC
holA,infB
ftsA,rho
rplB,hfq
dsdX,grpE
helD,gcvP
holA,macA
yehB,holA
aceE,ftsA
alaS,glmS
glmS,eutH
glyQ,rplP
rplD,grpE
gyrA,metK
helD,rplL
rpsB,ihfA
ihfB,rpoC
rplX,skp
dnaK,holA
holA,rplV
rpoC,gapA
gyrB,yacG
rpmG,grpE
grpE,rpsB
grpE,thiG
gyrA,ffh
ftsZ,gyrA
glyS,gyrA
gyrA,gyrB
gyrA,zraS
lpdA,gyrA
helD,lipA
helD,groEL
pflB,helD
helD,pgk
helD,ptsI
rplC,helD
rplD,helD
rplT,ftsA
ftsA,rplU
ftsA,rpsB
ftsA,yfiF
malT,gatY
dnaJ,glyQ
rplS,glyQ
rpsG,grpE
clpA,gyrA
dnaJ,gyrA
gyrA,dnaK
gyrA,recA
gyrA,rho
rpsB,gyrA
gyrA,tufA
gyrA,dhaM
skp,hfq
rplL,hfq
hfq,rplM
rplO,hfq
hfq,rplS
rpoC,hfq
rpsG,hfq
hfq,rpsM
glyS,skp
skp,rplE
rplM,skp
skp,rnr
ssb,hns
hns,tig
holB,rplC
rplJ,holB
rpmB,holB
holB,cnoX
mnmG,mnmE
rplU,glyQ
rpoA,rapA
hfq,rpoB
hfq,selB
skp,spoT
grpE,holA
aceE,holB
rplK,ftsA
malK,gyrA
rplC,hfq
holA,pepB
holC,rplS
malP,hupA
lysS,hypC
rpsH,iclR
rpsA,infC
kdsB,dnaK
kdsB,tufA
lpdA,ibpB
rplK,infC
dnaK,holC
recQ,holC
rplD,holC
rplL,holC
rplV,holC
rpmB,holC
rpmC,holC
secA,holC
holC,topA
ynbC,holD
holD,rplL
rplM,holD
rplU,holD
rpoC,holD
dnaK,holE
holE,hns
holE,katG
holE,rplA
rplL,holE
holE,rpsF
ssb,holE
topA,holE
hrpA,lpdA
hrpA,rpsB
hrpA,rpsC
hrpA,rpsE
rpsM,hrpA
holC,rplB
hscA,pepB
rplJ,hscA
hscA,rplL
rplT,hscA
hscA,secA
htpG,hyfG
mcrB,htpG
htpG,pepB
rplB,htpG
rpmG,htpG
rpsF,htpG
htpG,rpsG
htpG,yggR
hupA,dnaK
hupA,malQ
hupA,rpoA
rluB,hupA
fis,hupB
ihfA,hupB
skp,hupB
hupB,hns
malQ,hupB
hupB,polA
rpsG,hupB
hupB,seqA
hyfG,hypC
hypC,hypD
rpsG,hypC
tig,hypC
hypD,hypE
hypD,groEL
tufA,hypD
clpA,ibpA
gatY,ibpA
gpmA,ibpA
ibpA,ibpB
ibpA,infB
lpdA,ibpA
malK,ibpA
malT,ibpA
ibpA,metK
ibpA,mreB
ompC,ibpA
pflB,ibpA
ibpA,pnp
proS,ibpA
pstB,ibpA
rpoB,ibpA
ibpA,rpoC
rpsA,ibpA
ibpA,rpsB
ibpA,rpsF
rpsG,ibpA
tufA,ibpA
ibpA,uspG
ibpB,gatY
iclR,rplD
ibpB,malK
ibpB,malT
ibpB,mreB
ibpB,pstB
hldD,iclR
rplA,iclR
rplM,iclR
rplT,iclR
iclR,rplU
iclR,rplV
rplX,iclR
rpsB,iclR
rpsE,iclR
iclR,rpsN
idnD,lpdA
lysS,idnD
tufA,ileS
ileS,yjgL
metN,infB
dnaK,infB
grpE,infB
infB,ribD
rplC,infB
infB,rplM
rpmG,infB
infC,rng
hupB,infC
rplB,infC
infC,rplC
rplD,infC
rplE,infC
infC,rplI
rplJ,infC
infC,rplM
infC,rplO
infC,rplP
rplS,infC
rplT,infC
rplU,infC
rplV,infC
rplX,infC
infC,rpmG
rpsC,infC
infC,rpsD
rpsE,infC
rpsF,infC
infC,rpsH
rpsI,infC
rpsJ,infC
rpsN,infC
infC,rpsR
rpsT,infC
infC,rpsU
yfiF,infC
infC,yhbY
sufC,infC
iscS,cobB
iscS,dnaK
tusA,iscS
ispA,dnaK
ispA,flxA
purT,ispA
rplC,ispA
rplK,ispA
ispA,rplL
rplM,ispA
ispA,rpmG
ispA,rpsJ
rpsA,kdsB
idnD,tcyN
groEL,hyfG
iclR,rpsF
ispA,eutQ
priA,holC
rpoC,htpG
rplC,hupB
gadB,ibpB
ynbC,infC
infC,rpsB
holE,yfiF
rpsG,iclR
holC,holE
holC,lon
holC,rpmG
holC,rpsB
rpsE,holC
rpsJ,holC
rpsN,holC
holC,sbcB
topB,holC
holC,rlmJ
holE,holD
recQ,holD
holD,rpmB
holD,secA
ssb,holD
holD,topB
holE,holA
holB,holE
holE,rplW
holE,rpsB
rpsJ,holE
rplI,hrpA
rpsA,hrpA
hrpA,rpsG
rpsS,hrpA
yfiF,hrpA
hupB,malP
hupB,rpoA
clpB,ibpA
ibpA,dnaJ
eno,ibpA
ftsZ,ibpA
gadA,ibpA
ileS,hyaD
ileS,rbsB
infB,phoA
ispA,rpsB
dnaJ,kdsB
hupB,kdsB
kdsB,pepB
kdsB,rplD
rplK,kdsB
kdsB,rplL
ssb,holC
aceE,hrpA
htpG,rpmC
rpsM,iclR
infC,rplL
holC,rplC
rplC,holD
ibpA,atpD
leuS,rplC
ssb,lon
tyrA,lpxD
lpdA,malP
malP,rplS
recA,metK
rpmB,moaC
narG,groEL
nusG,mreB
mukB,tufA
lpxD,rplT
lysU,eno
rplL,mukB
lldD,rpmB
rplK,leuS
ligA,aceE
ligA,rplL
coaD,murE
rplC,coaD
rplD,coaD
rplL,coaD
coaD,rpsE
lldD,glyQ
hldD,lldD
rplV,lldD
leuS,rplD
rplL,leuS
rpsE,lexA
ligA,lpxD
mreC,ligA
recE,ligA
ligA,rpsB
lpxD,aspA
lpxD,pssA
rplB,lpxD
lpxD,rplU
fsaA,lon
rplC,lon
rplI,lon
lon,rplM
lon,rplU
rplV,lon
rpsB,lon
lon,rpsC
rpsH,lon
lon,ydbA
yjgL,lon
rplS,lpxB
lpxB,rpsB
lpxD,csdA
lpxD,cbpA
lpxD,hldD
rho,lpxD
lpxD,rplC
rplD,lpxD
lpxD,rplI
rplL,lpxD
lpxD,rplM
lpxD,rplO
rplP,lpxD
rplS,lpxD
rplV,lpxD
lpxD,rplX
lpxD,rpsD
rpsE,lpxD
rpsG,lpxD
lpxD,rpsH
lpxD,rpsJ
rpsR,lpxD
lpxD,rpsT
yfiF,lpxD
lpxD,yhbY
gcd,lysS
lysS,lysU
rhaS,lysS
tdcD,lysS
uacR,lysS
aceE,lysU
lysU,adhE
lysU,clpB
cspC,lysU
lysU,cysK
dnaN,lysU
gadA,lysU
gadB,lysU
lysU,gapA
groEL,lysU
rplB,lysU
rpsC,lysU
rpsG,lysU
rpsJ,lysU
lysU,tufA
grcA,lysU
malP,rplI
malP,pnp
malP,rplA
rplC,malP
malP,rplD
rplV,malP
malP,yhbY
metK,malT
malT,pstB
malT,rho
rplS,malT
manA,quuQ
minC,manA
manA,rlmL
tsaC,manA
groEL,mazG
mreB,metK
moaA,groEL
glyQ,metK
pstB,metK
metK,secA
gyrB,moaA
rplU,moaA
rpsG,moaA
moaA,tufA
moaC,rplA
rplS,moaC
moaD,rplL
mobA,rplV
moeA,pfkA
dnaK,moeB
dnaK,mog
gyrA,mog
groEL,aceE
clpB,groEL
groEL,dnaK
lon,groEL
cnoX,groEL
ycgR,groEL
yhdJ,groEL
groES,dnaK
groES,dnaN
htpG,groES
mreB,groES
hldD,groES
groES,rpsB
groES,ybbP
mreB,glyQ
kefC,mreB
mreB,lysU
mreB,malK
mreB,minD
mreB,groEL
mreB,narG
mreB,nuoC
ompA,mreB
ompC,mreB
pnp,mreB
pstB,mreB
mreB,recA
rplC,mreB
rplE,mreB
rpoC,mreB
mreB,rpsF
secA,mreB
mreB,tufA
uspG,mreB
mreB,miaB
dppA,mtlD
ybbP,mtlD
mukE,mukB
mukF,mukB
parC,mukB
rplC,mukB
mukB,rplD
dnaK,murC
murC,murB
murC,nusG
mukB,rplV
murB,emrY
murB,ydaY
fadH,murB
clcB,murC
murC,lipA
htrE,leuS
lysU,pflB
rplM,mukB
kdsB,yjaH
rluB,lpxD
malT,tufA
moaE,mobB
mtlD,yncI
rpsB,lldD
rplT,lon
groEL,malT
mreB,rpoB
lpxD,rpmG
moaC,rplV
rplM,malP
leuS,rplW
leuS,rpsB
rpsJ,leuS
dgcP,leuS
lon,rpsG
torC,lpxB
tufA,lpxB
lpxD,rplK
fadJ,lysS
lysU,rplI
rplX,lysU
lysU,rplY
rpoB,lysU
lysU,rpoC
rpsB,lysU
metK,dnaK
ydbA,groES
accA,mreB
mreB,atpD
clpB,mreB
dnaK,mreB
mreB,rho
rpmB,mukB
rpsB,mukB
rpsC,mukB
mukB,rpsE
mukB,rpsG
mukB,rpsJ
dcuR,kdsB
ligA,leuS
rpsB,lpxD
rpsK,lysU
malP,rplU
malT,mreB
mcrB,nnr
mreB,gatY
mukF,mukE
lpxB,rplM
dnaJ,lpxD
lysU,pgk
tig,groES
mukB,rplB
rplR,mukB
rpsC,lpxD
murC,tufA
murF,mukB
pta,napD
rpsD,nei
secA,parE
murF,polA
ydbA,polA
rpsF,nusG
ndk,dnaN
aegA,murD
murD,hofO
murE,carA
katG,murE
rplL,murC
murC,rpsB
murC,wecH
ytfT,murC
murE,pepP
pnp,murE
rpsB,murE
murE,ydaY
yceQ,murF
hyfB,murG
murG,rplK
rplM,murG
rplS,murG
yacL,napA
tufA,narG
narY,pepN
murG,murE
rplL,murG
yphH,murG
mutL,dnaK
mutL,rpsA
mutY,dnaK
napA,aceE
lpdA,napA
napA,panC
rpmB,napA
rpsN,napA
ushA,napA
groEL,napD
napD,rplW
napD,yajQ
recA,narG
narG,hldD
narG,narH
narH,tufA
fadH,narH
narJ,lpdA
narH,narJ
narY,narJ
narJ,ompA
narJ,pepP
rplL,narJ
narG,narW
narW,narH
narY,narW
ygfA,ndk
groEL,nei
nei,nfi
nei,rplD
rplU,nei
nei,rpmB
ihfA,nfi
nfi,ihfB
nfi,hns
nfi,hupA
hupB,nfi
lpdA,nfi
nfi,malP
nfi,groEL
nfi,rplC
nfi,rplD
nfi,rplL
nfi,rpsF
nfi,rpsG
nfi,rpsM
rpsR,nfi
mreB,nrdA
proA,nrdA
nrdA,tufA
nusA,rplA
rplB,nusA
nusA,rplC
rplD,nusA
nusA,rplS
nusA,rplV
nusA,rplX
nusA,rpoD
rpoH,nusA
rpoZ,nusA
rpsC,nusA
rpsD,nusA
rpsE,nusA
rpsG,nusA
rplC,nusB
nusB,rplM
nusB,rpsB
rpsD,nusB
nusG,mscK
macA,nusG
nusG,arnA
nusG,deaD
dnaJ,nusG
rapA,nusG
pssA,nusG
rplB,nusG
rplD,nusG
rplE,nusG
nusG,rplL
rplV,nusG
nusG,rplW
nusG,rpmB
nusG,rpoA
nusG,rpoB
rpoC,nusG
rpsB,nusG
rpsC,nusG
nusG,rpsE
nusG,rpsG
rpsN,nusG
secA,nusG
yacL,nusG
panC,purC
gyrA,parC
parC,lpdA
mreB,parC
murF,parC
parC,rplL
rplV,parC
rpmA,parC
rpmG,parC
rpsB,parC
rpsJ,parC
parC,secA
parE,ynbC
parE,otnK
rplD,parE
rpsB,parE
parE,ssb
yidK,parE
yqcE,parE
pepD,dnaK
pepP,pepD
hyfG,pepN
pepT,tufA
pheT,mfd
pheT,mdtO
pepT,pflB
pepT,proA
pepT,tpiA
pflB,tpiA
pgk,rplI
pgk,rpsN
rpsT,pgk
erfK,pheS
pheS,pheT
dgcJ,pheT
pheT,yghQ
rplX,pnp
polA,malP
polA,rplL
pncB,rplS
pncB,rplV
pncB,rpsB
pnp,hupA
pnp,metK
recA,pnp
pnp,rplA
rplB,pnp
pnp,rplE
pnp,rplF
pnp,rplI
rplM,pnp
rplU,pnp
pnp,rplV
pnp,rpsR
pnp,srmB
rluB,pnp
fis,polA
hns,polA
hrpA,polA
hupA,polA
lpdA,polA
polA,metK
rplD,polA
polA,rplM
rpmB,polA
polA,rpoA
rpoB,polA
rpoC,polA
polA,rpsB
pnp,rplO
murG,fimD
murE,hyfB
murF,rihC
narY,fadH
panC,ushA
dhaK,parE
pncB,psuT
tufA,polA
murF,gltD
narH,narY
nei,rpsN
nusA,rplO
nusG,rpsJ
rplM,parC
rpsS,pnp
nfi,rpsN
murG,rplX
rpmG,murG
murG,rpsB
ydbA,murG
murG,yfiF
nei,hupB
nei,lpdA
nfi,rplS
nfi,rpmB
nfi,rpoA
rpsE,nfi
nusA,aceE
nusA,infB
metJ,nusA
tufA,nusA
dnaK,panC
pflB,grcA
dnaK,pgk
pgk,eno
hfq,pgk
pgk,pnp
pgk,rne
pnp,rpoA
rpsC,pnp
rpsD,pnp
pnp,rpsE
rpsG,pnp
pnp,rpsM
yfcC,murC
hprS,murF
narG,narY
narH,narZ
nusB,rpsE
pepB,ompA
groEL,pepN
rpsF,pgk
rpsT,pnp
hupA,murG
pflB,pykA
rplD,pnp
rplQ,pnp
dnaK,ndk
pstB,narG
rplU,pyrH
rcsB,rplV
recB,recC
rpsB,recB
rpsD,ribD
rne,rpsJ
aceE,proA
rpsB,pssA
rcsB,dnaK
ribD,accD
hupB,prfB
parE,prfB
rpoA,prfB
prfB,ynfE
prfB,preT
hupA,prfB
polA,prfB
rplV,prfB
rpsB,prfB
rpsE,prfB
rpsJ,prfB
proS,proA
dnaN,proA
proA,lpxD
proA,btsR
proS,aceE
proS,dnaN
pssA,pnp
rplC,pssA
pssA,rplL
rplU,pssA
pssA,rpsA
rpsC,pssA
rpsD,pssA
pssA,rpsE
rpsG,pssA
rpsN,pssA
pstB,frmA
gatY,pstB
pstB,rhsC
tufA,pstB
pta,dnaJ
pta,tufA
cca,purC
dnaK,purC
evgA,purC
rplL,purC
tig,purC
dnaK,pykA
dnaN,pykA
lnt,pykA
malX,pykA
tig,pykA
pykA,yggR
clpA,pyrH
pyrH,dnaK
gatZ,pyrH
hns,pyrH
hupA,pyrH
hupB,pyrH
groEL,pyrH
pyrH,recA
pyrH,rho
pyrH,rplA
pyrH,rplC
pyrH,rplD
rplE,pyrH
pyrH,rplI
rplK,pyrH
rplL,pyrH
rplM,pyrH
pyrH,rplW
rpmA,pyrH
pyrH,rpmG
pyrH,rpsA
pyrH,rpsB
pyrH,rpsC
pyrH,rpsE
rpsG,pyrH
pyrH,rpsJ
pyrH,secA
yfiF,pyrH
dnaK,qorA
rcsB,rhmD
yfaY,rcsB
crp,rcsB
polA,rcsB
rplE,rcsB
rcsB,rplI
rcsB,rplS
rpmB,rcsB
rcsB,rpoA
rpsC,rcsB
rcsB,rpsD
rcsB,rpsJ
rcsB,rpsU
ssuD,rcsB
rcsB,ydbA
rcsB,rcsD
aceE,recB
recB,lpdA
recD,aceE
lpdA,recD
recF,groEL
recJ,aceE
recJ,dnaJ
recJ,dnaK
recJ,galR
lpdA,recJ
mtlD,recJ
recJ,rnhA
recJ,rplD
recJ,rplV
recJ,rpmB
sbcB,recJ
recJ,ssb
topB,recJ
tufA,recJ
rhlB,rplA
recJ,yhbY
recQ,topA
hldD,cysM
dnaK,hldD
rplC,hldD
rplO,hldD
hldD,rplS
hldD,rpsG
hldD,secA
torA,hldD
hldD,ydaY
aceE,rhlB
dnaK,rhlB
eno,rhlB
rhlB,rplC
rplI,rhlB
rplK,rhlB
rplM,rhlB
rplS,rhlB
rplU,rhlB
rhlB,rplV
rhlB,rpmB
rhlB,rpsF
rhlB,rpsT
rho,rplC
ribD,groEL
ribD,pbpC
ribD,rplD
rplE,ribD
ribD,ynfD
ribD,cvpA
hupA,ribD
ribD,ribE
rplC,ribD
ribD,rpsB
rpsG,ribD
ribE,hldD
ribE,rplC
ribE,rplD
rplM,ribE
rplT,ribE
ribE,rplU
rplV,ribE
ribE,rpmG
tufA,ribE
deaD,rne
rplA,rne
rplB,rne
rne,rplC
rplD,rne
rne,rplL
rne,rpsE
rpsU,rne
recD,groEL
rhlB,rpsD
rplI,rne
prfB,tsaD
rlmL,pssA
ribD,accC
rpsF,rne
ulaA,prfB
pyrH,dnaJ
pyrH,rplR
rplM,rcsB
aceE,recE
ybjX,hldD
rho,yhbY
yjcF,prfB
pssA,rpsU
pyrH,rplS
pyrH,uspG
recB,recD
rpsG,rhlB
rne,rpsG
rhsC,ppiB
ppiB,bcsG
pyrH,yhbY
glnB,rcsB
aceE,recQ
recQ,lpdA
recQ,rpmB
rpsN,recQ
ssb,recQ
rhlB,rpsJ
rplD,rho
rplL,rho
rpsB,rho
tufA,rho
rplS,ribD
ribD,rplU
rplM,rne
rne,rplU
rne,rplV
rplW,rne
rplX,rne
rpsB,rne
rpsC,rne
rpsD,rne
nagK,prfB
pssA,rplW
yfiF,pssA
pyrH,rplB
pyrH,rplV
rcsB,rplC
rpsC,rhlB
rpsS,rhlB
rpsT,rne
ppiB,fucK
recC,recD
rpsE,rhlB
rne,rplK
rpsT,rnhA
rpoC,rplD
rplO,rpoC
infB,rpoD
rpoC,rpoS
rpsE,rpsI
rpsJ,rpsE
secA,minD
pta,selB
rplS,rplW
rpsE,rpoB
ruvB,dnaK
rne,srmB
rne,tufA
rnr,rne
rne,rlmL
rne,rluB
yfiF,rne
patZ,rne
hupA,rnhA
rnhA,malP
priA,rnhA
recQ,rnhA
rplB,rnhA
rnhA,rpmB
rpsC,rnhA
rnhA,rpsE
rpsI,rnhA
rpsN,rnhA
sbcB,rnhA
rnhA,ssb
rnhA,topA
rnhA,topB
rnhA,yhbY
dnaK,rph
mreB,rph
rph,narG
rph,recA
hldD,rph
rph,tufA
gatZ,rplD
rplD,pflB
rplD,rplA
rplB,rplD
rplE,rplD
rplD,rplF
rplJ,rplD
rplM,rplD
rplQ,rplD
rplV,rplD
rplX,rplD
rpsB,rplD
rplD,rpsC
rpsD,rplD
rplD,rpsE
rplD,rpsG
rpsJ,rplD
rplD,rpsK
rplD,rpsM
rplD,secA
srmB,rplD
rplD,rnr
rplE,rplW
rplW,rplF
rplI,rplW
rplJ,rplW
rplW,rplR
rplW,rplU
rplV,rplW
rplW,rplX
rplW,rplY
rplW,rpmB
rplW,rpmG
rpsC,rplW
rplW,secA
aceE,rpoA
rho,rpoA
rplA,rpoA
rpoA,rplB
rplC,rpoA
rpoA,rplD
rpoA,rplE
rpoA,rplL
rplM,rpoA
rplO,rpoA
rpoA,rplS
rplU,rpoA
rpoA,rplW
rpoA,rplX
rpmA,rpoA
rpsA,rpoA
rpoA,rpsB
rpsC,rpoA
rpoA,rpsD
rpoA,rpsE
rpoA,rpsF
rpsG,rpoA
rpoA,rpsJ
rpsM,rpoA
rpoA,rpsN
rpsS,rpoA
rpsT,rpoA
rpoA,rpsU
rpoB,atpD
ldcA,rpoB
rpoB,cca
cysB,rpoB
hupA,rpoB
rpoB,mutL
pstB,rpoB
rho,rpoB
rplB,rpoB
rpoB,rplD
rpoB,rpsF
rpsN,rpoB
rpsU,rpoB
rpoB,secA
torR,rpoB
rpoB,tufA
yacL,rpoB
rpoC,flxA
hupA,rpoC
malP,rpoC
rpoC,rplB
rplC,rpoC
rpoC,rplI
rplQ,rpoC
rplS,rpoC
rplV,rpoC
rplX,rpoC
rpoC,rpsC
rpoC,rpsD
rpsG,rpoC
rpsJ,rpoC
rpoC,rpsM
rpoD,accA
rpoD,rho
rplA,rpoD
rplB,rpoD
rplD,rpoD
rplL,rpoD
rplO,rpoD
rpoD,rplS
rpoD,rplU
rpoD,rplV
rpmB,rpoD
rpoD,rpsA
rpoD,rpsB
rpoD,rpsC
rpsD,rpoD
rpsE,rpoD
rpoD,rpsF
rpoD,rpsG
rpoH,rplL
rpoA,rpoH
rpoH,rpoC
rpsD,rpoH
rpoS,rplA
rpoS,rpoA
rpsB,rpoS
dnaK,rpoZ
nusG,rpoZ
rpoZ,rplB
rplL,rpoZ
rplW,rpoZ
rpoZ,rpsB
rpsG,rpoZ
rpsJ,rpoZ
rpoZ,rpsM
rpoZ,rpsT
rpoZ,spoT
thiG,rpoZ
rpoZ,tig
rpsE,gyrA
rpsE,gyrB
rplC,rpsE
rpsE,rpsA
rpsE,rpsB
rpsE,rpsG
rpsE,rpsL
rpsM,rpsE
rpsE,rpsS
rpsE,rpsT
rpsE,tufA
ruvB,clpB
gatZ,secA
secA,infC
secA,rplV
lon,secB
selB,rplC
rplV,selB
selB,rnr
rho,ruvB
ruvB,rpsB
rpsJ,ruvB
sbcC,ynbC
secA,norV
secA,bioB
secA,dnaK
motA,secA
rplK,secA
secA,rplL
rpsB,secA
cpxR,secB
selB,aceE
dnaJ,selB
selB,rho
selB,rplA
selB,rplB
rplD,selB
rplI,selB
selB,rplL
rplM,selB
selB,rplO
rplS,selB
rplT,selB
rplU,selB
selB,rplX
selB,rpmB
rpsC,selB
rpsD,selB
selB,rpsG
rpsT,selB
srmB,selB
selB,rluB
selB,yfiF
pepQ,rluD
ygiF,rplD
ruvB,dnaJ
dnaJ,rph
serC,selB
lpdA,rnhA
pstB,rph
rplD,rplN
rpoA,rpmB
rpoB,rpsT
qorA,rpoH
rapA,rpoZ
rpoA,mreB
rpoC,rplM
rpsE,rpsF
serC,dnaK
rplD,rplW
secA,aas
rplC,rplD
rplW,rplA
rplB,rplW
rplW,rplC
rplK,rplW
rplL,rplW
rplO,rplW
rpoA,pssA
rpoA,rplP
rplK,rpoB
rplL,rpoB
rplV,rpoB
rpoB,rpmG
rpoH,rpoB
rpoS,rpoB
rpsC,rpoB
rpoN,dnaK
rpoN,rplD
rplM,rpoN
lpoA,rpoN
secA,tufA
secA,ybiU
selB,rpsE
rpsF,selB
aceE,rnhA
rplW,rplM
rpoA,rpmG
rpsJ,rpoB
rplP,rpoC
pepB,rpoD
rpsE,rplU
rho,secA
selB,rplY
selB,rpsA
cspC,rpoA
ribD,rpoB
rpsE,rpoC
rpoH,rplC
ruvB,groEL
rpoC,ygcP
spoT,rplS
spoT,rplV
spoT,rpsK
ssb,rpmB
ssb,rpsD
hupA,mnmE
thrS,yicC
topA,gabP
lpdA,topB
tpiA,grcA
metK,tufA
pfkA,ucpA
rpmB,spoT
rplW,srlR
parC,ssb
thrS,rpsA
topA,rpsM
spoT,deaD
hrpA,spoT
spoT,hupA
mukB,spoT
spoT,rplB
rplC,spoT
spoT,rplD
rplI,spoT
rplL,spoT
spoT,rplM
rplO,spoT
rplQ,spoT
srlR,hupB
srmB,rplA
spoT,rpoC
spoT,rpsA
rpsB,spoT
spoT,rpsC
rpsF,spoT
spoT,rpsH
rpsI,spoT
spoT,rpsJ
rpsL,spoT
spoT,rpsN
rpsR,spoT
rpsT,spoT
ynbC,srlR
dnaK,srlR
hupA,srlR
srlR,pflB
rplB,srlR
srlR,rplC
rplD,srlR
srlR,rplE
srlR,rplM
srlR,rplO
srlR,rplR
rplT,srlR
srlR,rplU
srlR,rplV
rpmC,srlR
srlR,rpmG
srlR,rpsA
rpsB,srlR
rpsE,srlR
rplB,srmB
rplL,srmB
srmB,rplW
srmB,rplX
rpsB,srmB
srmB,rpsC
srmB,tufA
rlmL,srmB
srmB,rluB
dnaK,ssb
gyrA,ssb
hupA,ssb
malP,ssb
rplD,ssb
ssb,priA
recG,ssb
rplB,ssb
rplC,ssb
rplL,ssb
rplS,ssb
rplV,ssb
rpoA,ssb
rpsJ,ssb
rpsU,ssb
secA,ssb
ssb,mnmE
ssb,topB
tufA,ssb
ssb,arnA
ssb,yfiF
clpA,sspB
sspB,dnaE
sspB,dnaK
rho,sspB
sspB,rplD
sspB,rpsG
sspB,aegA
sucA,lipA
sucB,sucA
lpdA,sucB
dcyD,sucB
glf,tdcD
mnmE,aceE
lpdA,mnmE
rplC,mnmE
rplD,mnmE
mnmE,rplM
mnmE,rpsF
rpsG,mnmE
mnmE,rpsJ
rpsN,mnmE
mnmE,secA
dnaK,thrS
thrS,eno
thrS,ibpA
thrS,rplA
thrS,rplC
rplI,thrS
thrS,rplM
rplS,thrS
rplV,thrS
rpsB,thrS
thrS,rpsE
thrS,rpsF
thrS,rpsG
rpsJ,thrS
thrS,rpsM
rpsN,thrS
rpsT,thrS
yhbY,thrS
aspA,tig
rplW,tig
rpmC,tig
tig,rpsA
topA,alaS
macA,topA
hupA,topA
topA,hupB
lpdA,topA
topA,pssA
topA,recJ
topA,rplB
topA,rplC
topA,rplM
topA,rplS
topA,rplV
rpmB,topA
topA,rpmG
topA,rpoA
rpoB,topA
rpoC,topA
topA,rpoZ
rpsE,topA
topA,rpsG
rluB,topA
topB,rplL
tpiA,dnaK
rpsT,topA
topA,srmB
ssb,topA
topA,topB
aceE,topB
hupA,topB
recD,topB
recQ,topB
topB,rplC
rplD,topB
rplJ,topB
rplM,topB
rplS,topB
topB,rplU
rplV,topB
topB,rplX
rpsB,topB
lysU,tpiA
tpiA,rpmB
tpiA,rpoA
rpsB,tpiA
rlmN,tpiA
tufA,valS
rpsE,tsf
tufA,uspG
lysS,ucpA
ucpA,yraQ
aldA,uup
uup,preT
uup,lysS
spoT,rpsD
rpoB,ssb
tig,rplC
rpmB,topB
malP,topA
uup,ydaY
rpsG,spoT
rplV,srmB
hns,topA
topA,rstA
topB,rpmG
yaiP,uup
rplR,spoT
ssb,rplX
spoT,tolR
spoT,rluB
nadK,spoT
ydaT,srlR
yfiF,srlR
sucA,lpdA
rplV,mnmE
rpmG,mnmE
rpsB,mnmE
rpmB,tig
rpsB,tig
rpsE,tig
rpsG,tig
rpsC,topB
rpsE,topB
rpsN,topB
hscC,topB
abgT,topB
rplU,spoT
spoT,rplX
srmB,spoT
ssb,rpmG
rplC,sucA
rpsC,topA
topA,rpsJ
rpsE,spoT
rplA,srlR
ssb,rpoC
tig,rplD
rpmC,topB
rnr,hupA
rnr,rpsR
yacL,rplC
ybcJ,rplK
uspG,dnaK
groEL,uspG
ybhK,ftsK
ybjX,rplO
uvrD,rpsN
yacG,cysN
ybcJ,hupB
hscC,clpA
gloC,fliM
hns,uvrD
uvrD,hupB
rplL,uvrD
rplM,uvrD
uvrD,rplV
metN,uvrD
accA,uvrD
aceE,uvrD
ssnA,uvrD
uvrD,clpA
uvrD,dgt
fis,uvrD
uvrD,hupA
uvrD,lpdA
malP,uvrD
pepN,uvrD
pqiB,uvrD
rplC,uvrD
rplW,uvrD
uvrD,rpmC
uvrD,rpoB
rpsB,uvrD
uvrD,rpsE
rpsF,uvrD
rpsG,uvrD
uvrD,secA
lpdA,uvrY
uvrY,rplL
uvrY,hscC
cca,rnr
ihfA,rnr
rnr,infC
rplA,rnr
rnr,rplB
rnr,rplF
rnr,rplI
rplM,rnr
rnr,rplN
rplO,rnr
rnr,rplP
rplT,rnr
rplU,rnr
rplV,rnr
rplW,rnr
rplX,rnr
rpsA,rnr
rnr,rpsC
rpsD,rnr
rpsE,rnr
rnr,rpsF
rnr,rpsG
rpsK,rnr
rpsN,rnr
rnr,ygiF
xerD,acpP
mukB,xerD
yacG,gyrA
arnA,yacL
crp,yacL
yacL,gltA
hfq,yacL
nusA,yacL
pnp,yacL
rplB,yacL
rplM,yacL
rplN,yacL
yacL,rplO
yacL,rplP
rplQ,yacL
yacL,rplU
rplV,yacL
yacL,rpmB
yacL,rpoA
yacL,rpoZ
yacL,rpsA
rpsB,yacL
yacL,rpsC
yacL,rpsD
yacL,rpsE
yacL,rpsF
rpsJ,yacL
rpsK,yacL
rpsL,yacL
yacL,rpsM
yacL,rpsN
rpsT,yacL
uspG,yacL
rplL,gluQ
gluQ,ypjA
metQ,yfaY
yahK,metQ
gfcA,metQ
dnaN,yajQ
rpsJ,queC
aidB,queC
dnaK,queC
napD,queC
rplL,queC
queC,yegT
cnoX,dnaN
cnoX,holE
aidB,ybcJ
ybcJ,deaD
eno,ybcJ
lpdA,ybcJ
pnp,ybcJ
ybcJ,pssA
ybcJ,rhlB
rne,ybcJ
rplA,ybcJ
rplC,ybcJ
rplD,ybcJ
rplF,ybcJ
rplI,ybcJ
rplL,ybcJ
ybcJ,rplM
ybcJ,rplQ
rplR,ybcJ
rplT,ybcJ
rplV,ybcJ
rpmG,ybcJ
ybcJ,rpoA
rpoC,ybcJ
rpsA,ybcJ
ybcJ,rpsB
ybcJ,rpsC
ybcJ,rpsE
ybcJ,rpsF
ybcJ,rpsI
ybjX,rplU
rpsT,ybjX
rluB,ybjX
rplX,ybjX
rpmB,ybjX
rpmC,ybjX
rpmG,ybjX
ybjX,rpoC
ybjX,rpsA
rpsB,ybjX
ybjX,rpsC
rpsD,ybjX
rpsE,ybjX
rpsF,ybjX
ybjX,rpsS
ybjX,tufA
rnr,ybjX
gloC,yahJ
rnr,rpsH
rpsU,yacL
rpsG,ybjX
rnr,pssA
gluQ,yhdP
dnaJ,uspG
yacL,rpoC
gluQ,lpdA
grcA,queC
dnaJ,ybcJ
rplX,ybcJ
rplV,ybjX
rplL,ybjX
rpsB,rnr
rpsM,rnr
rpsT,rnr
rpsU,rnr
rlmL,rnr
ybcJ,hupA
rplS,ybcJ
ybcJ,rnr
yajQ,ybcJ
ybcJ,rlmL
secA,ybhK
dnaJ,ybjX
ybjX,hupA
ybjX,hupB
lpdA,ybjX
pssA,ybjX
ybjX,rplJ
ybjX,srmB
rnr,rplC
yfiF,rnr
yacL,rapA
yacL,rplD
ybcJ,rplU
uspG,hldD
gloC,sucA
rnr,rpsI
rpsM,ybjX
srmB,ybcJ
rluB,ybcJ
yfiF,ybcJ
ygiF,ybcJ
ybcJ,rlmJ
ybcJ,yibL
rplL,uspG
uspG,rplW
secA,uspG
secB,uspG
hscC,yffL
rplJ,hscC
rpsB,hscC
hscC,pdeK
aceE,ybhK
rhmD,ybhK
basS,ybhK
ybhK,ccmH
ybhK,idnT
ybhK,lpdA
narI,ybhK
ybhK,rplC
ybhK,rplD
rplM,ybhK
rplU,ybhK
rplV,ybhK
rplW,ybhK
ybhK,rpoB
rpsB,ybhK
ybhK,rpsE
ybhK,rpsF
ybhK,rpsG
valS,ybhK
yfdE,ybhK
rplB,ybjX
rplC,ybjX
ybjX,rplD
rplE,ybjX
ybjX,rplF
rplI,ybjX
ybjX,rplM
rplQ,ybjX
ybjX,rplS
rplT,ybjX
ybjX,rplA
rplA,rluB
rluB,yhiN
rlhA,rpmG
rpsC,dcyD
rlmN,skp
rlmN,rplI
rlmN,rlhA
rlmN,nupX
rplA,hscB
rplC,yfiF
groEL,patZ
trhO,rplL
rluB,rpsG
melB,rlmN
grcA,parE
ccmH,ygcP
ynbC,rlmL
lpdA,trhO
trhO,rnlA
maeB,dhaM
cysP,dhaM
dnaK,dhaM
dhaM,yjeH
hipA,bluR
ychJ,hyfB
aceE,rluB
aidB,rluB
alaS,rluB
hrpA,rluB
rluB,pssA
rplB,rluB
rluB,rplC
rplD,rluB
rluB,rplE
rluB,rplF
rluB,rplI
rplM,rluB
rluB,rplS
rluB,rplU
rplV,rluB
rluB,rplX
rluB,rplY
rluB,rpmB
rpsA,rluB
rpsB,rluB
rpsC,rluB
rpsD,rluB
rluB,rpsE
rluB,rpsF
ygiF,rluB
yhbY,rluB
rluB,rlmJ
rlhA,rplA
rpsR,rluB
rluB,rpsT
rluB,yibL
kbl,rlhA
rlhA,rho
rplC,rlhA
rplI,rlhA
rlhA,rplL
rlhA,rplS
rlhA,rpsC
rpsE,rlhA
rpsG,rlhA
rlhA,rpsN
tsaD,tsaB
stfR,prmB
aceE,rlmN
rplC,dcyD
dcyD,rplD
rpsD,dcyD
ynbC,hprR
yejF,dnaE
yejF,lpdA
oppD,yejF
yejF,rplC
prmB,yejF
dnaK,prmB
prmB,rplC
rpsJ,prmB
prmB,tig
mcbR,prmB
aas,rlmN
clpA,rlmN
rlmN,gatY
rlmN,gyrB
rlmN,hrpA
rlmN,infB
rlmN,infC
lpdA,rlmN
lysS,rlmN
lysU,rlmN
malT,rlmN
rlmN,ompC
rlmN,rcsB
recA,rlmN
rlmN,rplA
rlmN,rplB
rlmN,rplU
rlmN,tsr
rnr,rlmN
rlmN,wcaD
rlmN,rlmL
rlmN,rluB
ygiF,rlmN
rlmN,metK
mreB,rlmN
phoR,rlmN
rplD,rlmN
rlmN,rplE
rplF,rlmN
rlmN,rplT
rlmN,rplV
rplW,rlmN
rlmN,rplX
rlmN,rpmA
rlmN,rpmB
rpmC,rlmN
rpoC,rlmN
rlmN,rpsA
rpsC,rlmN
rpsD,rlmN
rlmN,rpsE
rpsF,rlmN
rpsJ,rlmN
rlmN,rpsN
rpsR,rlmN
rlmN,secA
rlmN,selB
spoT,rlmN
rlmN,srmB
rlmN,tufA
rlmN,yfiF
yhbY,rlmN
rlmJ,rlmN
yibL,rlmN
clpB,hscB
rplK,hscB
rplL,hscB
hscB,rpmC
hscB,rpmG
rpoC,hscB
rpsB,hscB
rpsG,hscB
hscB,rpsN
hscB,tufA
rplC,patZ
grcA,rpsT
holB,yfiF
yfiF,rplA
yfiF,rplB
rplF,yfiF
yfiF,rplI
rplP,yfiF
rplR,yfiF
rplT,yfiF
yfiF,rpsC
yfiF,rpsD
rpsE,yfiF
yfiF,rpsG
yfiF,rpsH
yfiF,rpsK
rpsL,yfiF
yfiF,rpsM
yfiF,rpsN
rpsJ,rluB
rlhA,rpsA
nuoC,rlmN
stfR,dhaM
rlmN,dnaJ
rluB,rpsM
rpsE,dcyD
pnp,rlmN
rlmN,rpsB
rplV,yfiF
ypeA,patZ
rplX,rlhA
htpG,hscB
rlmL,rplA
yfiF,rlmL
bluR,lpdA
rluB,rpsU
rnr,rluB
rluB,rlmL
rluB,yfiF
rlhA,rplT
rlhA,rplV
rplA,dcyD
rlmN,lon
rne,rlmN
rlmN,rplC
rplL,rlmN
rlmN,rplM
rplO,rlmN
rplR,rlmN
rlmN,rpsG
rpsS,yfiF
yfiF,rpsT
yfiF,rpsU
yfiF,sufC
patZ,rplP
rplQ,patZ
patZ,rplV
rpsM,patZ
rpsN,patZ
rpsS,patZ
trhO,dnaK
rluB,rluE
selB,rlhA
dcyD,ttdR
rlmN,clpB
rlmN,deaD
hupA,rlmN
rplS,rlmN
yfiF,rpsF
rpsN,rluB
rlmN,phoE
rplJ,hscB
yfiF,hupA
rpsR,yfiF
patZ,dnaJ
hupB,patZ
patZ,hypC
rplM,patZ
patZ,rpmB
rpsB,patZ
patZ,rpsE
patZ,rpsJ
abpB,dnaK
abpB,gapA
abpB,groEL
rplC,abpB
rplL,abpB
abpB,rplW
ygcP,dnaK
rplC,ygcP
ygcP,rplD
ygcP,rplU
rplV,ygcP
ygcP,rpoA
rpsD,ygcP
lon,uacR
patZ,lpdA
rpsT,patZ
ygcP,rpmG
rplO,patZ
tufA,ubiU
rpsB,yibL
tufA,yicC
gapA,tsaE
pflB,tsaE
wcaJ,rsgA
dusC,aceE
rpoB,tusA
rpsB,ravA
rsgA,rplV
ygiF,aceE
rpmB,ygiF
aceE,tsaD
rpoA,tsaD
tsaD,rpoB
rpsJ,tsaD
ubiU,aceE
lon,ubiU
lpdA,ubiU
rplD,yhbY
rplM,yhbY
rplT,yhbY
yfiF,yhbY
fbaB,obgE
prlC,obgE
obgE,rplL
obgE,rpoA
obgE,rluD
topB,frlR
gapA,tusA
skp,tusA
rplL,tusA
tusA,tsaE
aceE,rlmJ
groEL,rlmJ
yibL,rplA
rplC,yibL
rplM,yibL
rplR,yibL
rplV,yibL
yibL,yfiF
yibL,yhbY
yibL,rluE
dnaK,yicC
lpdA,yicC
rpsB,yicC
yicC,mdtL
ravA,accA
cadA,ravA
ravA,dnaK
ravA,frdA
ravA,ggt
grpE,ravA
ravA,infB
ravA,ldcC
lpdA,ravA
rplJ,ravA
topA,yigZ
dnaK,fabY
gadB,fabY
fabY,gapA
groEL,tsaE
rplL,tsaE
rpsA,tsaE
nnr,tsaE
lpdA,nnr
rsgA,aceE
eutA,rsgA
rsgA,dnaK
rsgA,gapA
groEL,rsgA
pabB,rsgA
rsgA,rplL
rplM,rsgA
ydaY,rsgA
rsgA,rplW
rpmG,rsgA
rpsA,rsgA
rpsB,rsgA
rpsC,rsgA
rpsG,rsgA
rpsJ,rsgA
rsgA,rpsN
rsgA,yaiW
ybaL,rsgA
rsgA,ybeR
sufC,sufB
dusC,lpdA
dusC,rplM
dusC,rplV
rplW,yjgL
dnaJ,miaB
dnaK,miaB
pstB,miaB
miaB,tufA
mcbR,rplC
sufB,sufD
dusC,fumC
hupA,dusC
intA,dusC
recG,dusC
dusC,rpsE
dusC,rpsG
dusC,rpsJ
secA,dusC
ydaY,dusC
rplV,tsaC
rpsB,tsaC
tsaC,rpsE
rpsJ,tsaC
yhbY,rplB
yibL,rplS
rplA,sufC
rcbA,ubiF
lpoA,hycG
groEL,ubiU
tsaD,tufA
yhbY,rpsB
tsaE,fabY
rpsM,rsgA
rpmB,yibL
rpoB,yicC
rplL,ravA
tsaE,gadB
ygiF,ompA
ompC,ygiF
phoE,ygiF
yhbY,rplK
rplU,yhbY
rpsG,yhbY
rpsG,yibL
rpsN,yibL
yicC,dnaJ
ravA,accC
fabY,ubiF
dnaK,tsaE
rplC,rsgA
rsgA,rplD
dusC,cynT
entE,dusC
rplN,dusC
dusC,rplR
tsaD,rplL
rpsE,yibL
yicC,rplW
metE,tsaE
dusC,rpsB
tsaC,rplK
rplC,yhbY
aceE,tusA
yibL,rplT
fabY,rplL
sufC,sufD
uacR,lpdA
uacR,tufA
preT,ygfA
ygfA,groEL
pqiB,ygfA
ygfA,rpsB
tsaC,rplW
hslO,rplC
hslO,arcB
rpsE,hslO
rpsG,hslO
rpsB,hslO
hslO,rpsJ
rpsL,hslO
hslO,tufA
hslO,rpsC
mreB,mreC
mreD,mreC
traH,traF
traH,traU
traH,trbI
traU,traW
traW,trbB
obgE,spoT
obgE,deaD
moeA,narG
mobB,narG
mog,narG
mobA,narG
pspF,rpoN
pspA,pspB
pspC,pspA
klcB,trfB
tolC,acrA
acrB,tolC
hlyB,tolC
acrD,acrA
cyoA,acrA
cheW,tar
cheW,cheA
acpP,iscS
iscS,mukB
ccdB,gyrA
ccdB,ccdA
ftsZ,mukB
fnr,rpoA
ffh,rplW
rplU,ffh
rpmA,ffh
ftsY,ffh
hemA,hemL
ftsA,ftsN
ftsQ,ftsA
ftsI,ftsL
ymgF,ftsI
ftsQ,ymgF
ftsA,ftsX
ftsQ,ftsX
ymgF,ftsN
ftsI,ftsB
ftsL,ftsB
ftsN,ftsB
ftsB,ftsQ
ftsN,ftsL
ftsL,ymgF
torA,torD
rhaR,rpoD
rpoD,crp
fnr,rpoD
hupA,galR
csdE,csdA
sufE,sufS
nan,holC
topA,tnpA
tnpA,rpoC
rpoA,tnpA
rpoD,tnpA
arcB,arcA
baeR,baeS
basR,basS
cheA,cheB
cpxA,cpxR
creB,creC
cusS,cusR
zraR,zraS
kdpE,kdpD
narL,narX
narP,narQ
phoB,phoR
phoQ,phoP
rstB,rstA
torR,torS
uhpB,uhpA
hprS,hprR
btsR,btsS
glrR,glrK
torS,torC
torA,torC
lon,sulA
rplA,rplC
rplB,rplO
rplB,rplQ
rplE,rplK
rplK,rplF
rplN,rplX
rplS,rplX
rpmA,rplO
rplO,rplQ
rpmA,rplQ
rplV,rplS
rplL,rpsC
atpC,atpD
sspB,clpX
dhaK,dhaR
dhaR,puuC
cysK,cysE
dmsA,dnaK
dmsA,dmsD
dmsD,torA
wzc,wza
iscS,yfhJ
yajC,acrB
ompF,cna
fimH,fimC
ptsH,ptsI
hypB,slyD
hslV,hslU
papD,papE
phoA,secA
trxA,5
sdhB,sdhA
degS,rseA
hybG,hypD
hyaB,hybG
hypE,hybG
fimC,fimG
fimC,fimD
groEL,rpoH
CSN2,degP
degP,LYZ
bioI,acpP
napA,napD
papD,papF
gspI,gspJ
groEL,pagA
safA,phoQ
csgB,csgA
napD,yacL
carB,rpsJ
gatD,pykA
rsmH,ftsY
fdhE,sufE
rplO,deaD
recA,hybG
gapA,nusG
katG,ilvA
grcA,slyD
rlmB,tsaE
tusC,evgS
lsrG,ycjY
hsdM,ung
rpsN,fdhD
pabC,eno
yciU,glsA1
nusG,napA
rpe,eno
groES,tmcA
cysI,cysJ
groES,pstB
yjjX,yihX
groES,msrP
uvrA,nusA
deaD,ynfE
pepD,pepA
groES,hyfG
rsmH,rpsJ
adiA,ybgI
ebgA,fkpB
fkpB,frmA
hupA,fkpB
rplI,fkpB
rpsA,fkpB
fkpB,rpsM
rpsN,fkpB
fkpB,rpsP
ycgX,fkpB
ydhU,fkpB
fkpB,ygiQ
yhbY,fkpB
hslU,ydeN
ydgA,hslU
mlaF,groEL
damX,iscU
iscU,pheP
proA,iscU
iscU,ycfZ
atl,ydgA
atl,ydgJ
ybeZ,uvrD
prs,ydjI
rraB,guaC
ybeZ,yhbY
tig,glf
dmsB,groES
ruvA,rluB
rplI,bcsG
ugpB,htpG
acpP,murC
hsdS,yhiN
umuC,rplW
holD,ugpB
fdhD,narJ
hybG,tsaD
stfQ,ldcA
rpsC,yibL
tamB,yoaB
yggE,hldD
yafD,groES
glnB,rraB
murE,rpsJ
puuP,fkpB
thrA,hslU
prs,sxy
guaC,pepD
pepA,pepB
dmsA,dmsB
rplW,yhjD
dnaN,wrbA
hslV,lon
rpsD,yjaG
ubiU,groES
bamA,skp
aroG,ydfG
pepP,guaC
fumC,rpsN
gapA,hybG
rpsC,rimP
rplS,hslV
grpE,groES
ppsR,rluD
tyrA,ubiX
groES,dadX
tufA,queC
ybiB,ybgI
secA,darP
hybG,mreB
rppH,rpsD
yidH,dps
tufA,murG
yhbY,rpsJ
lepA,yciU
srmB,tnaA
groES,lon
dnaN,dksA
uvrC,nnr
lpxB,rpsD
dhaM,ssuE
parE,cheW
ydcY,paaX
nagC,minD
dnaN,glsA1
hypE,dps
ydgJ,prs
lapA,glpD
groES,moaA
fdhE,groES
dnaJ,exbB
mutS,tufA
ydfG,ycjX
yajC,hldD
clpB,tufA
rpe,dnaN
tufA,lapA
hybG,dps
ridA,dnaN
rplQ,rluB
murE,murF
torD,yajQ
pssA,deaD
infC,rpsP
deaD,yncE
dnaN,msrC
rplA,yncE
tsaD,pflB
yhjD,bcsG
cyaY,dnaN
groES,yafZ
mscK,yidH
yjjX,dnaN
ybgI,mreB
groES,aidB
ppiD,yfgM
rplX,torS
cbpA,cbpM
fimA,carB
tsaC,aroE
maa,hldD
dnaN,trxA
phnK,hemY
rpsM,rppH
rpsP,rnr
yfaY,gatD
elbB,nfuA
ruvA,ybeZ
ybeD,tufA
rluB,cspE
rplA,cspE
cspE,rplD
rpsJ,cspE
deaD,csrA
csrA,dnaN
csrA,nagC
rho,csrA
rnr,csrA
rplA,csrA
rplD,csrA
csrA,rplF
rplM,csrA
rplS,csrA
rpsA,csrA
rpsC,csrA
csrA,rpsD
csrA,tig
rplE,deaD
rpsD,dnaA
dps,hldD
exbB,clpB
gadB,exbB
exbB,gapA
exbB,groES
ftsA,murB
galE,agp
hldD,ribC
yhdP,glpD
pykF,nrdD
parC,rplB
rplS,ulaR
tolB,rbsB
acnB,aldA
rplN,rluC
secA,mscK
narW,narZ
tsaD,metK
rraB,yibA
yicI,gatD
ppa,rplD
rlmJ,yfiF
fdhE,fdoG
tufA,clpA
dnaN,ypeA
yoaB,dnaN
rpsJ,rsuA
groES,putA
malQ,katG
clpA,groES
mlaB,mlaF
groES,murB
frmB,yeiG
rlmI,ycgM
guaC,dhaK
ydcJ,ydcL
exbB,pflB
phoA,exbB
rplB,exbB
rpsA,exbB
tnaA,exbB
hldD,gltD
rpsC,gltD
rplD,hslV
dnaJ,hyaA
groES,hyaA
hyaA,secA
hldD,exbB
hypD,recA
rpsC,lolB
lysU,dps
lysU,wrbA
eno,mrcA
mrcA,gadB
mrcA,gapA
mrcA,pflB
mrcA,pgk
rplE,mrcA
rplI,mrcA
mrcA,ugpB
rppH,dapF
rppH,deaD
rppH,rluB
rnr,rppH
rppH,rplN
rppH,rplO
rppH,rplQ
rplX,rppH
dcm,parE
pcnB,rpsC
prs,dnaJ
prs,groES
rluB,prs
rplB,prs
prs,rplP
prs,rpsD
pgk,putA
rplB,pykF
rplS,pykF
pykF,tig
hldD,lolB
rpsC,rppH
dapF,rluB
infC,rluB
rluB,rplP
rluC,rplO
rplS,rluC
rpsM,rluC
rluC,yncE
rnpA,rluB
rnpA,rplM
ruvB,groES
rplF,smpB
rpsA,smpB
sohB,dnaJ
rpsK,sohB
sohB,rpsM
tgt,rplI
ulaR,groES
rplA,ulaR
uvrC,rplA
rpsD,uvrC
uvrC,rpsM
wbbK,groES
wbbK,hldE
ybcJ,rplB
dksA,pqqL
tufA,tdcD
lpxD,csrA
rpsP,hfq
slyD,lolB
rpsM,rhlB
spoT,rplA
cspD,cspE
groES,clpP
ftsE,groES
polA,rob
cbpA,rpsP
rluC,cspC
hypD,groES
prs,rpsC
rplO,rluB
yeeX,rplQ
rpsA,yeeX
rraB,clpP
csrA,rpsM
rpsP,dnaE
exbD,acpP
rplB,yeeX
ybcJ,rpsD
ybeZ,rplO
rplP,ybeZ
ybeZ,rpsC
ybeZ,rpsM
rpsN,ybeZ
ybgI,dnaJ
ybjX,yfiF
lapA,hemX
lapA,hemY
rplD,rlhA
dcyD,rplS
yeeX,dcyD
lon,yeeX
yeeX,pssA
hldD,yeeX
yeeX,rnr
rplA,yeeX
yeeX,rplE
yeeX,rplI
rplO,yeeX
rplS,yeeX
yeeX,rpsM
rpsR,yeeX
rpsU,yeeX
yeeX,srmB
yeeX,rlmL
yeeX,yfiF
rlmN,rpsM
rplD,yfiF
rplS,yfiF
rpsI,yfiF
uacF,rplA
rplI,uacF
yggE,rplA
rpsD,yggE
yggE,rpsI
yjjU,dnaJ
groES,yjjU
rpsD,yeeX
yeeX,rpsK
yjjU,rplA
rplD,yjjU
yjjU,rplO
rplS,yjjU
cnoX,yjjU
groES,mlaF
gcvP,acnB
acnB,groES
eno,acrA
gadB,acrA
gapA,acrA
rraB,aidB
rplW,bcsG
cspC,cspE
cspD,ppsR
cspE,hfq
hupA,cspE
rpsP,cspE
dnaJ,csrA
eno,csrA
csrA,skp
hupA,csrA
hupB,csrA
infC,csrA
rhlB,csrA
csrA,rne
rplI,csrA
rplO,csrA
rplQ,csrA
rpoA,csrA
rpsF,csrA
yfiF,csrA
dadX,deoA
dadX,gcvP
roxA,dadX
rplA,dcm
dcm,rplM
rpsN,dcm
yibL,deaD
dksA,eno
rpsJ,dksA
csrA,rpsP
rpsC,dcm
deoA,gcvP
dnaX,ugpB
skp,dps
rplW,dps
rplX,dps
rpsF,dps
rpsJ,dps
slyD,dps
dps,yibL
dsbA,dsbC
ydhU,dsbA
dsbG,cysJ
cysM,dsbG
emrE,fimA
rplK,emrE
eno,exbB
hupA,exbB
hupB,exbB
rplD,exbB
exbB,rplI
rplM,exbB
exbB,cspC
exbB,hns
rplW,exbB
exbB,rpsF
exbB,rpsJ
exbB,rpsN
exbB,rpsP
exbB,grcA
yggE,rpsK
rplE,csrA
csrA,rpsI
dksA,mrcB
yeeX,rplX
dps,exbB
rpsN,yeeX
yeeX,rpsC
yjhP,groES
gcvP,aldA
rplX,csrA
rpsJ,eutL
rplK,exbB
rplM,yeeX
csrA,rpsN
flu,pflB
rpsP,glyQ
yaiP,hda
hupA,rplW
rplB,hyaA
lolA,rplM
exbD,cspC
dps,exbD
fimA,exbD
exbD,groES
exbD,ompA
exbD,rplJ
fabA,eno
fabA,gapA
groES,fabA
hupA,fabA
pflB,fabA
fabA,pgk
rplK,fabA
fabA,rpsC
rpsF,fabA
fabA,rpsR
aroG,fdhE
fdhE,iscR
fdhE,rplD
cspC,flu
dps,flu
eno,flu
flu,gadB
gapA,flu
groES,flu
hns,flu
hupA,flu
hupB,flu
pgk,flu
flu,rho
rplJ,flu
flu,rplW
rpsN,flu
grcA,flu
ftsE,sbcC
ftsE,ushA
ftsK,rpsJ
grcA,ftsK
ftsX,acpP
ftsX,cspC
ftsX,rplK
rpsJ,ftsX
ftsX,rpsN
glpK,cysI
katG,gltB
gltD,rpsI
rpsN,gltD
glyQ,rplE
nfuA,crp
helD,csrA
groES,helD
hfq,csrA
holA,accB
ppx,holA
hsdS,hupB
hsdS,malP
rplD,hsdS
accB,hslU
ompX,hslU
ribD,hslU
rpsJ,hslU
hslV,accB
hupA,rplM
hupA,slyD
accB,helD
hsdM,uvrB
hsdS,hupA
hslV,yhjD
hyaA,skp
hybG,slyD
hypB,glrK
ibpA,cbpM
ilvI,pdxH
ilvI,rplI
intA,ebgA
intA,frmA
hyaA,rplX
hyaA,slyD
hypB,pdeA
ilvI,rpsA
puuP,intA
ycgX,intA
intA,ydhU
ygiQ,intA
iscR,hupA
lepA,macA
puuP,lepA
recE,lepA
lolB,murF
lolB,ppiD
lpxA,fhuB
hcaB,lpxA
menI,lpxA
lpxA,queF
lomR,lpxD
wrbA,flu
hda,nfrA
gadB,fabA
ftsE,ibpA
rpoA,flu
hda,yejE
hslV,gabP
hyaA,rplW
mrcA,glmS
rpsA,mrcA
tsf,mrcA
hupA,rppH
rplP,putA
mrcA,rpsJ
pykF,rplQ
malP,rpsP
ycjY,malP
smpB,moaA
mrcA,ansB
clpB,mrcA
dhaM,mrcA
dps,mrcA
fkpA,mrcA
hns,mrcA
mrcA,hupA
katG,mrcA
mrcA,lysU
ribC,mrcA
mrcA,rplA
rplB,mrcA
mrcA,rplJ
mrcA,rplK
rplO,mrcA
mrcA,rplP
mrcA,rplS
tig,mrcA
mrcA,grcA
hupA,mrcB
mreB,ybeD
rraB,mreB
mukB,rpsP
murC,fimA
rplI,murC
murC,rplJ
rpsJ,murC
rpsN,murC
murC,grcA
murE,rseP
rpsJ,mutH
groES,napD
nei,slyD
rpsP,mrcA
aidB,rppH
hupB,rppH
rplP,rppH
rppH,rpsR
ybcJ,rppH
yibL,rppH
nuoC,cysJ
ycbX,nuoC
rplN,nusG
rplP,nusG
rpsP,nusG
rpsU,nusG
clpB,ompA
rplI,ompA
tig,ompA
rppH,rpsF
dps,nuoC
ompA,rplW
ompA,rpsN
pcnB,rplE
phnI,phnK
ugpB,phnK
katG,ppa
rraB,ppa
prfC,smpB
tgt,prfC
phnJ,phnK
hupB,pqqL
pqqL,rplA
hofM,prs
pssA,ppiD
guaC,purC
putA,eno
fbaA,putA
hslV,putA
putA,phoA
putA,ribC
rplA,putA
putA,rplI
rplQ,putA
rpsA,putA
putA,rpsP
grcA,putA
pykF,hupA
hupB,pykF
rplA,pykF
rplD,pykF
pykF,rplM
pykF,rplP
rplX,pykF
rpsM,pykF
ybgI,pykF
pykF,yibL
degP,pyrH
rplO,pyrH
pyrH,rpsF
pyrH,rpsP
mrcA,cspC
mrcA,manA
mrcA,rpsD
nei,groES
hupA,putA
pykF,rplI
pyrH,rpsN
rpsK,mrcA
phnK,phnG
mrcA,groES
mrcA,rplX
rpsM,mrcA
mrcA,rpsN
nuoC,cysI
phnK,phnH
hns,putA
pykF,murF
rplQ,rluC
rnpA,rplX
spoT,rpsP
smpB,relE
hldE,rplJ
rhlB,rpsP
recJ,ruvA
rpsM,hldE
secA,hldE
ribD,accB
ribC,ribD
rlmB,rplF
rplI,rlmB
rlmB,rplM
rplS,rlmB
rpsU,rlmB
rlmB,nnr
rluB,hupB
yeeX,rluB
rluC,hupA
hupB,rluC
rpsF,rluC
rluC,rpsN
rpsR,rluC
rluE,rluC
rpsP,rne
hupA,rnpA
rplQ,rnpA
recA,groES
infC,rnpA
rpsK,rnpA
rnpA,rpsP
rpsU,rnpA
rnpA,yhbY
rob,hns
rob,hupA
rob,hupB
rob,phnG
rob,rpoA
hsdM,rpe
rpe,trg
rplQ,rplW
rplW,smpB
rnpA,rpsJ
rpoD,yeeX
groES,rsgA
rpsD,rsuA
rpsM,rsuA
fimA,secA
rpsJ,secA
secA,rpsP
gyrA,smpB
smpB,skp
rpsN,smpB
smpB,yeeX
rpsI,sohB
rplM,smpB
slyD,ssb
rpsN,tgt
tgt,smpB
rpe,thrS
tgt,hupB
rplD,tgt
pta,torD
rplW,torD
dcm,mnmE
hsdM,tsf
ybgI,ugpB
hupB,ulaR
rpsN,ulaR
hns,uvrB
hupA,uvrB
hupB,uvrB
uvrC,ddpA
hupA,uvrC
uvrC,pntA
uvrC,pdeF
uvrC,yfiF
uvrC,yhbY
tgt,uvrD
wbbK,dhaK
wbbK,dps
wbbK,eno
rplS,hldE
rnpA,rplS
rpsN,rnpA
phnI,rob
rpsP,rsuA
sohB,rnr
wbbK,cspE
ppsR,rsgA
rluC,rplP
rplN,rnpA
rplP,rnpA
rnr,yibL
groES,torD
dsbA,mnmE
uvrC,glnK
ansB,wbbK
clpB,wbbK
wbbK,cspC
wbbK,rplF
wbbK,yeeX
acnB,bamA
ybgI,mukE
rplM,rlmI
rlmI,rpsF
lapA,rplX
ydcL,rplM
nfrA,ydfG
slyD,menI
wbbK,gadB
gapA,wbbK
wbbK,hns
htpG,wbbK
wbbK,hupA
wbbK,lysU
wbbK,pepD
pgk,wbbK
wbbK,ppa
rplA,wbbK
rplB,wbbK
rplE,wbbK
rplJ,wbbK
wbbK,rplM
rplS,wbbK
wbbK,rpoA
wbbK,rpsA
wbbK,rpsD
wbbK,rpsF
rpsM,wbbK
wbbK,rpsN
rpsR,wbbK
tig,wbbK
uspG,wbbK
grcA,wbbK
yacL,mscK
slyD,yacL
gapA,yacL
bamA,deoA
gcvP,bamA
glsA1,rplS
tig,glsA1
glsA1,rraB
rplA,atl
atl,rplJ
ybcJ,rpsN
rpsP,ybeZ
ybgI,ftsY
glyQ,ybgI
groES,ybgI
gyrA,ybgI
ybgI,skp
ybgI,ibpA
ybgI,lon
malK,ybgI
narG,ybgI
ompA,ybgI
ybgI,ompC
phoE,ybgI
ybgI,pstB
ybgI,recA
ybgI,rplA
ybgI,ruvB
ybgI,slyD
ybgI,tig
uvrD,ybgI
dnaJ,ybiB
rlmI,rnr
rplA,rlmI
rplB,rlmI
rlmI,rplI
rlmI,rplO
rplP,rlmI
ybiB,rplS
ybiB,secA
rlmI,hupB
rluB,rlmI
rlmI,rplX
rpsC,rlmI
rlmI,rpsJ
rpsN,rlmI
rpsP,rlmI
rpsR,rlmI
yeeX,rlmI
rplP,roxA
bluF,groES
ycgM,crp
yciF,ybgI
lapA,eno
fimA,lapA
lapA,gapA
lapA,hupA
lapA,putA
lapA,rplA
lapA,rplD
lapA,rplE
lapA,rplI
rplJ,lapA
rplP,lapA
rpsJ,lapA
rpsP,lapA
grcA,lapA
yciU,rplQ
rpsJ,yciU
ydcL,evgS
ydcL,rplX
ydcY,rplM
ydcY,rpsC
rpsN,ydfG
yciU,ydfG
ydfG,rraB
dapF,menI
menI,infC
pdxH,menI
menI,pnp
menI,pssA
rne,menI
rplA,menI
menI,rplB
rplD,menI
rplM,menI
menI,rplP
rplS,menI
rplW,menI
menI,rpsN
menI,yfiF
menI,yhbY
yibL,menI
menI,rraB
msrC,manX
msrC,rpoA
trxA,msrC
wbbK,pflB
wbbK,rpsP
rsuA,yacL
bamA,aldA
ybcJ,ybeZ
hns,lapA
lapA,rplW
rpsN,lapA
rpsA,rlmI
rlmI,accA
rplP,wbbK
wrbA,wbbK
ybcJ,rplP
rplD,rlmI
lapA,rpsR
rpsC,menI
yeeX,yibL
yeiG,glpK
rne,yfdH
rpsP,yfiF
rplX,yggE
cspC,yhdP
norV,yeeX
yhjD,eno
rplB,dcyD
rplM,dcyD
dcyD,rplO
dcyD,rpsF
rpsI,dcyD
rpsM,dcyD
dcyD,rpsN
rpsU,dcyD
phnI,hprS
hprS,ybgI
skp,yeeX
hrpA,yeeX
infC,yeeX
yeeX,lpxD
malP,yeeX
rplD,yeeX
rplF,yeeX
rplJ,yeeX
rplN,yeeX
rplP,yeeX
rplW,yeeX
yeeX,rpoA
rpoB,yeeX
yeeX,rpoC
yeeX,rpsF
rpsI,yeeX
rpsJ,yeeX
yeeX,rpsP
rsuA,yeeX
yeeX,secA
yeeX,tig
fadI,yeeX
rimP,yeeX
hupA,yeeX
yeeX,hupB
rplW,yeiG
secA,yeiG
rplD,yfdH
patZ,ulaR
groES,abpB
ybgI,ygbT
uacF,hupA
rpsN,uacF
ruvA,uacF
ygbT,dps
yggE,hupB
yggE,infC
yggE,rplB
yggE,rplD
yggE,rplM
yggE,rplS
yggE,rpsC
rpsF,yggE
rpsM,yggE
yggE,rpsN
yggE,rpsP
rplX,yhbY
yhbY,rpsF
yhbY,rpsN
rpsP,yhbY
yhdP,dps
yhdP,groES
ppa,yhdP
rplI,yhdP
yhdP,rplJ
yhdP,rpsA
yhdP,rpsC
yhdP,rpsP
grcA,yhdP
darP,cspC
darP,rplA
rplB,darP
rplD,darP
darP,rplE
darP,rplN
rplP,darP
rplS,darP
rplW,darP
darP,rplX
yhjD,acpP
yhjD,dps
groES,yhjD
yhjD,skp
yhjD,hupA
yhjD,hupB
yhjD,rplA
yhjD,rplI
tig,yhjD
yhjD,grcA
trpR,yibA
metC,yicI
yfaY,yicI
rplW,yidH
rpsN,yidH
grcA,yidH
yjaG,rplW
yjaG,rpsM
groES,tsaE
darP,accA
yeeX,accA
rlmJ,yeeX
uacF,rplX
eno,yhdP
preT,pdxH
rplO,preT
secA,preT
preT,slyD
yfaY,emrA
yfaY,preT
yfdH,hldD
rplB,yfdH
rplS,yfdH
rplX,yfdH
yfdH,rpsA
rpsC,yfdH
yfdH,rpsF
rpsJ,yfdH
yfdH,rpsM
yfdH,darP
yffL,groES
rplM,yffL
rpsM,yffL
dapF,rlmN
rplQ,rlmN
yfiF,rplQ
yfiF,rpsJ
groES,patZ
accD,yfaY
yeeX,pdxH
hupA,yjjU
yjjU,rpsI
fabA,metK
murB,ftsE
tufA,hslU
rplO,ridA
ridA,rplX
rpsM,ridA
ridA,rraB
cbpA,yjjU
glpD,yjjU
lon,yjjU
yjjU,parC
rne,yjjU
rplM,yjjU
rplW,yjjU
uspG,yjjU
yncE,dapF
gyrA,yncE
rluB,yncE
yncE,rne
rnr,yncE
yncE,rplB
rplE,yncE
yncE,rplI
yncE,rplM
rplO,yncE
yncE,rplP
yncE,rplS
rplX,yncE
rpsA,yncE
rpsF,yncE
yncE,rpsN
yncE,srmB
yncE,rlmI
yncE,yfiF
ynfE,glf
grcA,ynfE
yjjU,rpsK
yncE,hupB
yoaB,pdxH
yoaB,hldD
yoaB,rplJ
rpsF,yoaB
yoaB,rpsN
secA,yoaB
cspC,clpA
deaD,dps
dps,dnaN
rpsA,dps
dps,rpsM
tig,dps
dxs,metK
cysI,carB
cysJ,carB
cbpA,prs
cbpA,rluB
degP,clpP
clpX,recA
cspC,ybjX
cspD,rluC
dnaJ,rpsC
lysU,exbB
ffh,fabA
fdhD,dnaJ
fdhD,groES
groES,cnoX
exbB,pykF
ebgA,gltB
gltB,glpK
clpB,groES
hda,prs
hda,recA
hemY,phnI
hemY,phnJ
tgt,hfq
rplA,hrpA
hrpA,tufA
metE,hslU
hslU,metK
hslU,mreB
recA,hslU
hybG,ompA
hypD,ompC
infC,clpA
infC,srmB
rho,ispA
rpsC,ispA
rpsD,ispA
tufA,ispA
hyaA,tufA
clpB,hypD
dnaJ,hypD
dps,hypD
mreB,hypD
infC,parC
groES,leuS
leuS,ppa
leuS,prfB
leuS,prs
dnaN,yjhP
rplX,yjjU
srmB,yjjU
hupA,yncE
exbB,htpG
exbB,malP
ftsZ,malT
hupB,hsdM
iscS,hypD
rplA,ispA
rpsC,yjjU
yncE,rpsC
gyrA,infC
clpA,cspE
deaD,cspE
dnaN,cspE
hrpA,cspE
cspE,pnp
rho,cspE
rnr,cspE
rplB,cspE
rpsA,cspE
cspE,rpsD
rluB,csrA
csrA,rlmL
secA,dcm
ssb,dcm
dnaJ,ompC
rplA,fabA
fabA,rplB
fabA,rpsA
rpsM,fabA
tig,fabA
gltD,tufA
gadB,yjjU
yjjU,rpsJ
rplD,yncE
yncE,rplF
rraB,yoaB
nuoC,exbB
murC,ftsE
hyaB,hyaA
pflB,lolB
ftsE,murE
pcnB,rpsD
smpB,parC
spoT,rlmL
rraB,rluB
ligA,cobB
dnaJ,ligA
mreB,ligA
prs,ligA
lolB,hyaB
lolB,lon
lolB,rho
lolB,srmB
lolD,groES
lolD,metK
lolD,tufA
clpA,lon
lon,rplA
lon,tufA
lpxA,prs
rpsC,lpxA
lpxD,rplA
lysU,hldD
minD,malQ
nagC,malQ
tufA,mrcA
wrbA,mrcA
rpsD,mukB
murC,groES
hldD,murE
prs,rppH
rlmL,rppH
nuoC,gadB
pcnB,nuoC
nuoC,pflB
prs,nusA
ompA,nuoC
nuoC,metK
pflB,ompA
parE,infC
parE,panC
rplA,parE
parE,rplB
parE,rpsA
parE,rpsD
parE,rpsM
yfcD,parE
dps,pcnB
pcnB,pssA
rluB,pcnB
rplB,pcnB
rplD,pcnB
rplM,pcnB
rlmL,pcnB
pcnB,yfiF
pepA,lysU
pepN,groES
pepT,dps
tufA,phoP
deaD,pnp
groEL,ppa
recE,prs
srmB,prs
putA,dnaN
tufA,putA
rplA,rcsB
tufA,rcsB
recD,groES
phoP,mreB
rplE,phoP
rpsC,phoP
ppa,kdsB
lpxB,prs
tufA,prs
rluB,pykF
rluB,malP
rluB,ygiQ
rlmJ,rluC
clpA,rnpA
rnpA,deaD
rnpA,pnp
rho,rnpA
rnpA,rluC
manX,rpoN
rpoS,manX
rpoS,tufA
clpA,smpB
smpB,malP
smpB,yfiF
spoT,rluC
ybjD,rluC
cobB,spoT
pssA,spoT
rhlB,spoT
spoT,rho
tgt,deaD
groES,uspG
ybcJ,hrpA
prs,ybcJ
ybeZ,hldD
rpsC,lapA
fadJ,yffL
fadI,yffL
rlmN,pstB
rlmN,hldD
pcnB,ybcJ
ompA,lapA
yeeX,spoT
ffh,yhbY
yhbY,groES
yhbY,rluC
yhbY,rplE
rplF,yhbY
rpsA,yhbY
yhbY,rpsD
tufA,yhbY
ravA,ompA
ravA,ompC
deaD,rraB
secA,rraB
rraB,yfiF
ridA,groES
ridA,yjjU
yjjU,yjhP
accC,accB
rplO,rraB
rluC,deaD
groEL,ftsE
rpsA,lolB
lysU,tnaA
rluC,secA
rnpA,yfiF
ompA,wbbK
rraB,narG
rpsC,parE
clpA,prs
ulaR,tufA
yibA,aidB
rraB,rplB
mlaF,tufA
rppH,rplF
rnr,rluC
rplS,tgt
topB,rpsP
hslU,dnaJ
rppH,rplA
rplB,rppH
rppH,rplD
rppH,rplI
rppH,rplM
rppH,rplS
rppH,rpsA
srmB,rppH
rppH,yfiF
ppa,tig
cobB,prs
prs,groEL
rluC,pssA
rplA,rluC
rplD,rluC
rluC,rplE
rluC,rplF
rluC,rplM
rluC,rplX
rluC,rpsA
rpsC,rluC
rluC,rpsD
rlmL,rluC
rluC,yfiF
rluC,yibL
rnpA,pssA
rplA,rnpA
rnpA,rplB
rpsC,rnpA
rpsD,rnpA
rnpA,rpsM
tgt,rplB
yfiF,tgt
ulaR,groEL
rpsC,ulaR
ulaR,rpsD
ulaR,rpsM
rplB,uvrC
uvrC,rplS
rpsC,uvrC
ybeZ,rplA
ybeZ,rplD
rplE,ybeZ
ybeZ,rplF
rplI,ybeZ
ybeZ,rplS
rplX,ybeZ
cspE,cspB
rpsP,deaD
rluC,rluB
rluB,rpsP
ybcJ,rluC
rnpA,rplF
rnpA,rpsF
rpsR,rnpA
rpoA,rpsP
secA,cspE
hupA,smpB
smpB,hupB
tgt,rplM
tgt,rplQ
exbB,gnd
gcvP,gnd
pykA,infB
tig,infB
tonB,eno
tonB,rplS
rpsJ,tonB
tonB,rpsP
ybgI,infB
gnd,gltD
infB,exbB
mrcA,gnd
infB,phoP
poxB,tufA
tonB,grcA
rplJ,tonB
poxB,dnaN
rluC,rplI
smpB,aidB
rplD,uvrC
rplM,ybeZ
rnpA,rpsI
rplB,rluC
rnpA,rplD
rnpA,rplO
tonB,rplM
rplX,tgt
ulaR,dnaJ
rplM,ulaR
uvrC,rplM
rpsF,uvrC
uvrC,rpsN
hupA,ybeZ
rlmN,rpsP
rplE,rppH
aidB,rluC
rluC,hrpA
rluC,srmB
ygiF,rluC
rnpA,rpsA
rnpA,rlmL
secA,smpB
rluB,tgt
rplA,tgt
tgt,rlmL
deaD,ybeZ
ybeZ,prmB
ybeZ,pssA
ybeZ,rluB
rnr,ybeZ
ybeZ,rplB
rpsA,ybeZ
rpsD,ybeZ
yfiF,ybeZ
bcsG,infB
envZ,ompR
dsbD,dsbE
dsbE,dsbA
cyaY,iscS
fdx,iscU
nan,CDC42
rseA,rseP
rplI,rplA
tolC,emrA
macA,tolC
rpoA,sigA
lptE,lptD
cheA,tar
mrcB,ftsN
lolB,pal
tolA,tolB
col,tolB
nrdA,nrdB
rpsG,rluC
lolA,pal
lolA,lolC
tatB,ftsP
tatC,ftsP
tatB,cueO
tatC,cueO
lolA,lolB
metI,metN
btuF,btuC
metQ,metN
rplI,rpsF
rpsK,rplI
eltB,gspD
degQ,ompA
casA,casB
casB,casC
casB,casD
casB,casE
casD,casC
casC,casE
cusB,cusA
fimD,fimH
icd,aceK
tufA,nan
tsf,nan
recA,umuC
frdA,hemG
secE,secG
col,ompF
clpB,repA
dhaL,dhaK
envC,ftsX
subA,subB
gp23,groEL
etpA,fliC
ompA,secY
rplV,def
def,rplQ
ompC,degP
ompA,degP
malS,degQ
malS,degP
tamA,tamB
dnaK,clpB
bioH,acpP
uvrA,atl
uvrC,atl
33,rpoB
ptsH,manX
mtlA,ptsH
subA,HSPA5
uvrA,uvrB
uvrA,atl1
uvrD,uvrA
uvrA,holC
lpdA,uvrB
rpmB,uvrB
uvrD,uvrB
uvrC,uvrB
ecxA,ecxB
skp,ompX
uvrC,rplI
uvrB,nfi
uvrC,rpsK
rplT,uvrC
rpsT,uvrC
uvrC,aceE
uvrC,rpsL
uvrC,sucB
uvrC,lpdA
rplY,uvrC
uvrC,rpmB
rpsG,uvrC
rpsH,uvrC
rpsE,uvrC
uvrC,rplV
uvrC,rpsS
rpsB,uvrC
sucA,uvrC
uvrC,rplC
uvrC,rplU
rpsA,uvrC
uvrC,cspC
rpsJ,uvrC
rplN,uvrC
rpsR,uvrC
tufA,rsgA
patZ,tufA
holE,tufA
tufA,cbpA
tufA,cedA
uvrY,tufA
tonB,fhuA
ompA,tonB
tonB,lpp
groEL,lolD
speA,rpsT
rpmH,speA
ibpB,tufA
metQ,tufA
tufA,spoT
abpB,tufA
tufA,sspB
grpE,tufA
rlhA,tufA
ruvB,tufA
rpoD,tufA
pncB,tufA
tonB,fepA
tonB,exbD
btuB,tonB
tonB,fecA
exbB,tonB
tufA,cadA
tufA,pyrH
tufB,priA
metN,tufB
alaS,tufB
hda,rpsB
cca,tufB
cobB,hsdR
dnaA,tufB
dnaJ,tufB
dnaQ,tufB
dps,hrpA
rpsE,dps
dxs,tufB
tufB,era
tufB,fdnG
tufB,glyQ
helD,tufB
tufB,dnaE
hslU,rpsB
lpdA,hsdR
lpdA,hsdS
rpsG,hsdS
hslU,accC
cca,hslU
narG,hslU
nuoC,hslU
hslU,rplC
hslU,rpsE
rpsG,hslU
secA,hslU
hslU,tufB
accC,hslV
hslV,rplC
hslV,rpsG
tufA,hslV
hslV,tufB
rluB,hslV
tufB,hypD
ileS,tufB
tufB,kdsB
lldD,recG
rpsB,lpxA
lpxB,tufB
malT,tufB
tufB,mukB
tufB,murC
mutL,tufB
narG,tufB
tufB,narH
nrdA,tufB
lpxA,rplC
tufB,moaA
secA,tufB
rpsE,fkpB
fkpB,rpsG
tufB,pepT
polA,hsdS
tufB,polA
prs,rplO
prs,rpsB
rpsE,prs
prs,rpsG
prs,tufB
recB,tufB
recJ,tufB
tufB,ribE
tufB,rne
rph,tufB
tufB,rpsE
srmB,tufB
prs,rplC
tufB,tsf
tufB,tufA
tufB,rpsB
tufB,valS
uspG,tufB
fkpB,rnr
rluC,lpdA
rplC,rluC
rpsB,rluC
rluC,rpsE
tufB,yejF
rlmN,tufB
tufB,uacR
tufB,tsaD
ubiU,tufB
nikR,tufA
tufB,yicC
tufB,ravA
ybjX,tufB
aceE,rluC
hda,rho
rplL,hda
hsdR,rplL
prs,rplU
hda,rpmG
rpsJ,hda
tufB,clpA
hsdR,clpP
tufB,clpP
tufB,clpX
cspA,rluC
dnaB,tufB
dnaK,tufB
fbaA,hsdR
ffh,tufB
tufB,ftsA
ftsZ,tufB
gatY,tufB
gyrA,tufB
prs,gyrB
tufB,gyrB
tufB,hfq
hsdM,nfi
hsdS,rplU
ibpA,recG
tufB,ibpA
dnaK,iscU
sucD,iscU
lysU,tufB
tufB,mreB
nusA,tufB
prs,dnaK
prs,nusG
rho,prs
prs,rplD
rplE,prs
prs,rplI
rplJ,prs
rplK,prs
rplL,prs
prs,rplM
prs,rplN
rplS,prs
prs,rplV
prs,rplW
prs,rplX
prs,rpmB
prs,rpsH
prs,rpsJ
rpsT,prs
prs,yfiF
pstB,tufB
pta,tufB
rcsB,tufB
tufB,rhlB
tufB,rho
tufB,rplD
rpoB,tufB
eda,fkpB
tufB,ssb
rluC,accA
rplL,rluC
rluC,rplR
rplT,rluC
rplU,rluC
rplV,rluC
rluC,rpmB
rluC,rpoB
rpoC,rluC
rluC,rpsT
tufB,hscB
iscU,ygfA
tufB,miaB
hslO,tufB
dhaL,dhaR
ffh,rpoH
rpoH,ftsY
secA,rpoH
lpxD,nan
fabA,nan
rpoC,uvrD
prs,mreB
tufB,metK
asiA,rpoB
asiA,rpoD
mltA,mrcB
mrcB,uvrA
ftsI,mrcB
clpX,ftsZ
papGI,papF
papK,papE
papK,papA
papA,papH
papA,papD
papGI,papD
papD,papH
glnK,amtB
grk,glpG
papF,papE
trwE,trwG
mcjA,fhuA
rne,minD
acrZ,acrB
ygbF,ygbT
trkA,ptsN
bamB,bamA
bamA,bamD
ivy,LYZ
trwK,trwM
trwE,trwM
trwE,trwI
trwJ,trwE
trwK,trwE
trwE,trwF
trwE,trwH
bamE,bamA
bamE,bamB
bamD,bamE
cheA3,cheY
parE,cheY
clpA,repA
dps,hfq
rplD,dps
ruvC,ruvA
dsbD,dsbC
rpsH,dps
lon,dps
ruvA,ruvB
nfi,ruvA
glpK,crr
lpxA,rplU
glpK,cspC
lpxA,rplV
aroG,groEL
rplX,lpxA
lpxA,hfq
rplF,lpxA
lpxA,rplL
lpxA,rplM
rplN,lpxA
lpxA,rplT
lpxA,rpmB
rpmG,lpxA
rpsI,lpxA
lpxA,rpsJ
pal,tolB
hslV,rpsM
hslV,rpmG
hslV,rplX
hslV,rplB
accD,hslV
rplJ,hslU
ompA,tolB
tolB,ompF
tolB,ompC
tolB,phoE
tolB,lpp
tolB,lamB
tolB,ceaC
hslV,rplU
hslV,deaD
hslV,accA
hslV,rplI
hslV,rplJ
rplL,hslV
rplV,hslV
hslV,rpmC
hslU,rplP
gatZ,hslU
pstB,hslU
rplM,hslU
ftsZ,hslU
rplL,hslU
hslU,lon
hslU,dnaK
accD,hslU
rplD,hslU
nikR,rplL
csgG,csgE
hipB,hipA
doc,tufA
phnI,phnG
phnG,phnH
phnJ,phnG
imm,spy
